,callno,agency,priority,incident_address,callcode,calldescription,category,calldate,calltime,disposition,precinctSCA,officerinitiated,intaketime,dispatchtime,traveltime,totresponsetime,timeonscene,totaltime,Longitude,Location,coords_x,coords_y,Latitude,predicted
1979,P160990607,DPD,20.0,14900 CLOVERDALE ST DET,347020,A/B I/P OR J/H,ASSAULT,04/08/2016,9:31:30 AM,ARREST,1001.0,N,1.4,3.7,8.6,13.6,140.7,154.4,-83.052361,"(42.331621, -83.052361)",-9245346.535699135,5210784.831651919,42.331621,4
4263,P160980776,DPD,10.0,14400 HAZELRIDGE ST DET,342010,SHOTS I/P,ASSAULT,04/07/2016,11:09:07 AM,ARREST,906.0,N,0.8,0.4,2.7,3.9,385.6,389.4,-83.14483,"(42.40262, -83.14483)",-9255640.137693295,5221482.074151384,42.40262,5
5983,P161001586,DPD,20.0,18800 EUREKA ST DET,345020,PERS W/WEAPON,ASSAULT,04/09/2016,5:19:34 PM,ARREST,1108.0,N,1.7,1.4,5.8,8.9,42.2,51.1,-83.133557,"(42.406421, -83.133557)",-9254385.233073583,5222055.102536915,42.406421,0
6004,P161001564,DPD,11.0,3600 LINCOLN ST DET,343011,FA I/P OTHR,ASSAULT,04/09/2016,5:11:57 PM,ARREST,308.0,N,1.3,2.1,8.4,11.7,327.7,339.4,-82.970738,"(42.441672, -82.970738)",-9236260.304902112,5227371.10214337,42.441672,1
8061,P161482486,DPD,10.0,9400 STONE ST DET,341010,SHOOTG I/P,ASSAULT,05/27/2016,10:07:14 PM,ARREST,412.0,N,1.2,3.2,9.1,13.5,398.4,412.0,-83.012619,"(42.37594, -83.012619)",-9240922.476496026,5217460.846799584,42.37594,8
8268,P161482281,DPD,20.0,2100 MAGNOLIA ST DET,347020,A/B I/P OR J/H,ASSAULT,05/27/2016,8:54:17 PM,ARREST,308.0,N,2.3,20.1,1.3,23.6,96.5,120.1,-83.087785,"(42.315987, -83.087785)",-9249289.917340994,5208430.918640856,42.315987,12
9170,P160952238,DPD,10.0,1500 N RADEMACHER ST DET,341010,SHOOTG I/P,ASSAULT,04/04/2016,10:33:14 PM,ARREST,409.0,N,0.6,2.5,1.9,4.9,341.0,345.9,-83.109212,"(42.316724, -83.109212)",-9251675.16007022,5208541.870957989,42.316724,12
9386,P160952032,DPD,11.0,19400 PACKARD ST DET,341011,SHOOTG JH,ASSAULT,04/04/2016,8:39:17 PM,ARREST,1104.0,N,0.0,0.3,6.2,6.5,393.8,400.3,-83.026293,"(42.346606, -83.026293)",-9242444.659213133,5213041.5780462725,42.346606,4
11012,W160950036,WSPD,20.0,100 MACK AVE DET,347020,A/B I/P OR J/H,ASSAULT,04/04/2016,8:29:58 AM,ARREST,309.0,N,0.0,0.2,0.0,0.2,148.4,148.6,-83.095115,"(42.382398, -83.095115)",-9250105.889208509,5218434.044087975,42.382398,14
11253,P160950272,DPD,10.0,13000 E MCNICHOLS RD DET,342010,SHOTS I/P,ASSAULT,04/04/2016,3:34:40 AM,ARREST,909.0,N,0.7,0.3,3.8,4.7,245.0,249.7,-82.940353,"(42.426214, -82.940353)",-9232877.86217436,5225039.602497953,42.426214,13
13932,P160940075,DPD,10.0,NAVY ST   GREEN ST DET  ,342010,SHOTS I/P,ASSAULT,04/03/2016,12:38:55 AM,ARREST,409.0,N,1.0,0.7,3.8,5.5,184.8,190.3,-83.216052,"(42.35785, -83.216052)",-9263568.534466574,5214735.281772853,42.35785,3
14595,P160932089,DPD,11.0,3600 S ELECTRIC ST DET,343011,FA I/P OTHR,ASSAULT,04/02/2016,7:44:14 PM,ARREST,415.0,N,1.6,2.0,7.1,10.7,148.1,158.8,-83.057981,"(42.347494, -83.057981)",-9245972.151237391,5213175.328047426,42.347494,14
16361,P160930408,DPD,11.0,9900 PLAINVIEW AVE DET,343011,FA I/P OTHR,ASSAULT,04/02/2016,3:07:34 AM,ARREST,607.0,N,0.8,1.7,3.6,6.0,119.0,125.0,-83.228623,"(42.393161, -83.228623)",-9264967.931785338,5220056.211799886,42.393161,9
16980,P160922466,DPD,10.0,LINVILLE ST   LANNOO ST DET  ,342010,SHOTS I/P,ASSAULT,04/01/2016,10:34:04 PM,ARREST,505.0,N,1.0,8.5,0.2,9.7,103.9,113.5,-83.073767,"(42.357694, -83.073767)",-9247729.440719055,5214711.781142346,42.357694,14
19434,P160920132,DPD,10.0,14400 WESTWOOD ST DET,342010,SHOTS I/P,ASSAULT,04/01/2016,1:26:26 AM,ARREST,813.0,N,1.0,9.5,6.9,17.3,149.7,167.0,-83.02316,"(42.405686, -83.02316)",-9242095.895248478,5221944.293235373,42.405686,11
19853,P160131828,DPD,20.0,800 WEBB ST DET,345020,PERS W/WEAPON,ASSAULT,01/13/2016,9:07:38 PM,ARREST,1005.0,N,0.8,0.4,7.2,8.4,233.5,241.9,-83.069931,"(42.36516, -83.069931)",-9247302.41915237,5215836.562641059,42.36516,14
20282,P160131421,DPD,30.0,8900 HOLCOMB ST DET,342030,SHOTS J/H-EVID,ASSAULT,01/13/2016,5:52:00 PM,ARREST,701.0,N,2.0,2.1,7.7,11.8,346.2,358.0,-83.161503,"(42.416865, -83.161503)",-9257496.167563291,5223629.79026188,42.416865,5
22160,P160121854,DPD,35.0,ST JEAN ST   KERCHEVAL ST DET  ,342035,SHOTS J/H-REPT,ASSAULT,01/12/2016,8:29:44 PM,ARREST,509.0,N,0.6,1.6,1.1,3.2,194.5,197.8,-83.120891,"(42.446543, -83.120891)",-9252975.260403197,5228105.904644262,42.446543,6
23090,P160120990,DPD,20.0,13700 TROESTER ST DET,345020,PERS W/WEAPON,ASSAULT,01/12/2016,12:47:23 PM,ARREST,906.0,N,1.6,0.6,4.8,7.1,183.6,190.6,-83.236303,"(42.357544, -83.236303)",-9265822.86547463,5214689.18443726,42.357544,3
24421,P160111908,DPD,11.0,18400 CONCORD ST DET,343011,FA I/P OTHR,ASSAULT,01/11/2016,8:59:09 PM,ARREST,1109.0,N,0.8,4.3,13.1,18.1,199.7,217.8,-83.102832,"(42.446989, -83.102832)",-9250964.941718962,5228173.1877119485,42.446989,6
25379,P160111012,DPD,20.0,4200 ST ANTOINE ST WSU,341020,SHOOTG REPT,ASSAULT,01/11/2016,1:38:29 PM,ARREST,309.0,N,1.5,0.9,10.6,13.0,322.3,335.3,-83.1055,"(42.439703, -83.1055)",-9251261.942120397,5227074.0897949105,42.439703,6
27238,P160101363,DPD,10.0,8200 CLOVERLAWN ST DET,344010,CUTTING I/P,ASSAULT,01/10/2016,3:47:46 PM,ARREST,210.0,N,0.9,0.7,2.7,4.3,134.0,138.3,-83.030439,"(42.349805, -83.030439)",-9242906.189821964,5213523.418270051,42.349805,4
27457,P160101151,DPD,10.0,8600 ELMIRA ST DET,341010,SHOOTG I/P,ASSAULT,01/10/2016,1:42:06 PM,ARREST,209.0,N,0.6,0.6,4.2,5.4,198.1,203.6,-83.084267,"(42.366255, -83.084267)",-9248898.295372384,5216001.539824936,42.366255,14
28675,P160100004,DPD,10.0,W LAFAYETTE BLVD   GREEN ST DET  ,342010,SHOTS I/P,ASSAULT,01/10/2016,12:01:05 AM,ARREST,409.0,N,1.6,1.9,3.4,6.8,198.4,205.3,-83.211998,"(42.413461, -83.211998)",-9263117.2452509,5223116.525435324,42.413461,9
28876,P160092264,DPD,10.0,8500 INDIANA ST DET BTWN MACKENZIE ST AND JOY RD  210 0,342010,SHOTS I/P,ASSAULT,01/09/2016,10:16:06 PM,ARREST,210.0,N,1.4,3.3,2.3,7.0,205.3,212.3,-83.054267,"(42.355577, -83.054267)",-9245558.710648585,5214392.871302361,42.355577,14
29654,P160091522,DPD,11.0,CANTERBURY RD   SHEFFIELD RD DET  ,343011,FA I/P OTHR,ASSAULT,01/09/2016,4:11:58 PM,ARREST,1204.0,N,3.4,1.8,7.1,12.2,381.9,394.1,-83.072202,"(42.354294, -83.072202)",-9247555.225715963,5214199.60240459,42.354294,14
33583,P160080082,DPD,10.0,5800 BISHOP ST DET,343010,FA I/P GUN,ASSAULT,01/08/2016,12:59:16 AM,ARREST,504.0,N,2.5,0.9,6.2,9.6,161.0,170.6,-83.029773,"(42.436019, -83.029773)",-9242832.051041095,5226518.404606393,42.436019,11
34931,P160071171,DPD,20.0,JOY RD   TRINITY ST DET  ,345020,PERS W/WEAPON,ASSAULT,01/07/2016,2:41:47 PM,ARREST,606.0,N,0.8,2.7,0.1,3.6,155.1,158.7,-83.200287,"(42.35082, -83.200287)",-9261813.58269422,5213676.304866065,42.35082,3
36531,P160061903,DPD,11.0,15700 MACK AVE DET,343011,FA I/P OTHR,ASSAULT,01/06/2016,8:38:42 PM,ARREST,506.0,N,2.1,5.1,4.8,12.0,360.8,372.8,-83.205789,"(42.41584, -83.205789)",-9262426.062532563,5223475.234907617,42.41584,9
37302,P160061179,DPD,10.0,2900 PINGREE ST DET,343010,FA I/P GUN,ASSAULT,01/06/2016,3:28:56 PM,ARREST,1007.0,N,2.2,3.5,8.1,13.7,260.5,274.3,-83.117111,"(42.39683, -83.117111)",-9252554.472727997,5220609.256267664,42.39683,0
38024,P160060495,DPD,10.0,19000 WOODWARD AVE DET,344010,CUTTING I/P,ASSAULT,01/06/2016,9:12:00 AM,ARREST,1205.0,N,0.0,0.6,5.9,6.5,253.2,259.7,-83.223064,"(42.339651, -83.223064)",-9264349.106736016,5211994.085663005,42.339651,3
38369,P160060180,DPD,20.0,8600 BEECHDALE ST DET,345020,PERS W/WEAPON,ASSAULT,01/06/2016,2:41:07 AM,ARREST,209.0,N,2.4,0.9,5.3,8.5,232.8,241.3,-82.917369,"(42.41062, -82.917369)",-9230319.294997968,5222688.17268122,42.41062,13
40563,P160050317,DPD,20.0,13000 ALMA ST DET,345020,PERS W/WEAPON,ASSAULT,01/05/2016,5:52:49 AM,ARREST,906.0,N,1.0,3.7,2.1,6.9,107.5,114.3,-83.194714,"(42.393561, -83.194714)",-9261193.199172027,5220116.503984603,42.393561,9
40918,P160042352,DPD,20.0,2700 INGLIS ST DET,343020,FA J/H,ASSAULT,01/04/2016,11:46:09 PM,ARREST,407.0,N,0.0,21.9,5.7,27.7,-26.5,1.2,-82.928377,"(42.424203, -82.928377)",-9231544.69995262,5224736.32960051,42.424203,13
43573,P160032120,DPD,10.0,2700 PARK AVE DET,344010,CUTTING I/P,ASSAULT,01/03/2016,10:47:20 PM,ARREST,311.0,N,1.9,5.1,3.8,10.7,110.6,121.3,-83.2169,"(42.366039, -83.2169)",-9263662.933394767,5215968.99615277,42.366039,3
46628,P160021375,DPD,20.0,3300 KENDALL ST DET,345020,PERS W/WEAPON,ASSAULT,01/02/2016,5:01:37 PM,ARREST,1003.0,N,2.3,0.4,8.1,10.8,228.2,239.0,-83.071616,"(42.36466, -83.071616)",-9247489.992494358,5215761.231549916,42.36466,14
50274,P160010742,DPD,10.0,20200 YONKA ST DET,343010,FA I/P GUN,ASSAULT,01/01/2016,4:07:20 AM,ARREST,1102.0,N,1.2,1.4,2.5,5.1,203.5,208.6,-83.2415,"(42.41599, -83.2415)",-9266401.392868282,5223497.852606548,42.41599,10
54234,P160971398,DPD,20.0,4600 BEDFORD ST DET,345020,PERS W/WEAPON,ASSAULT,04/06/2016,4:31:29 PM,ARREST,506.0,N,1.5,64.7,21.8,88.0,272.5,360.5,-82.994908,"(42.351405, -82.994908)",-9238950.896994587,5213764.422892682,42.351405,8
54364,P160971270,DPD,11.0,15700 IDAHO ST DET,344011,CUTTING J/H,ASSAULT,04/06/2016,3:39:54 PM,ARREST,1212.0,N,1.1,0.7,3.7,5.4,567.4,572.8,-82.98534,"(42.389557, -82.98534)",-9237885.792106677,5219512.996542765,42.389557,8
54994,P160970656,DPD,20.0,3000 W DAVISON ST DET,347020,A/B I/P OR J/H,ASSAULT,04/06/2016,10:39:03 AM,ARREST,1003.0,N,0.7,1.9,5.5,8.0,142.6,150.6,-83.069406,"(42.412492, -83.069406)",-9247243.976419704,5222970.421946031,42.412492,6
55247,P160970426,DPD,11.0,2200 W GRAND BLVD DET,343011,FA I/P OTHR,ASSAULT,04/06/2016,7:47:32 AM,ARREST,1007.0,N,1.6,0.8,6.3,8.7,272.4,281.1,-83.213107,"(42.435733, -83.213107)",-9263240.698566187,5226475.266460409,42.435733,9
55538,P160970157,DPD,10.0,5900 HAVERHILL ST DET,342010,SHOTS I/P,ASSAULT,04/06/2016,2:20:00 AM,ARREST,504.0,N,0.0,3.1,6.9,10.0,173.2,183.3,-83.07401,"(42.35366, -83.07401)",-9247756.491355317,5214104.099199276,42.35366,14
55684,P160970020,DPD,11.0,15800 NORTHLAWN ST DET,343011,FA I/P OTHR,ASSAULT,04/06/2016,12:10:41 AM,ARREST,1211.0,N,1.4,8.9,23.5,33.7,170.8,204.5,-83.205839,"(42.417845, -83.205839)",-9262431.628507102,5223777.562621446,42.417845,9
55954,P160312096,DPD,11.0,19500 FAIRPORT ST DET,343011,FA I/P OTHR,ASSAULT,01/31/2016,10:09:45 PM,ARREST,901.0,N,1.3,2.9,6.8,11.0,116.5,127.5,-83.08415,"(42.393253, -83.08415)",-9248885.27099196,5220070.078968344,42.393253,6
56259,P160311808,DPD,10.0,24700 W 8 MILE RD DET,343010,FA I/P GUN,ASSAULT,01/31/2016,7:28:15 PM,ARREST,801.0,N,3.0,7.9,20.1,31.0,167.9,198.9,-83.071239,"(42.354752, -83.071239)",-9247448.02504633,5214268.594278467,42.354752,14
58751,P160301869,DPD,20.0,10800 JOY RD DET,345020,PERS W/WEAPON,ASSAULT,01/30/2016,7:34:38 PM,ARREST,208.0,N,1.8,29.6,9.0,40.3,237.9,278.3,-83.119594,"(42.327669, -83.119594)",-9252830.879023638,5210189.748631868,42.327669,12
59277,P160301368,DPD,20.0,1700 3RD ST DET,347020,A/B I/P OR J/H,ASSAULT,01/30/2016,3:51:49 PM,ARREST,311.0,N,2.1,2.7,1.9,6.6,234.4,241.0,-82.985423,"(42.423346, -82.985423)",-9237895.031624412,5224607.090948965,42.423346,1
59736,P160300931,DPD,20.0,5500 CONNER ST DET,347020,A/B I/P OR J/H,ASSAULT,01/30/2016,12:20:34 PM,ARREST,502.0,N,1.6,15.0,17.6,34.1,111.8,146.0,-82.953558,"(42.434729, -82.953558)",-9234347.836050285,5226323.832010039,42.434729,1
59892,P160300778,DPD,20.0,ROCHESTER ST   WILDEMERE ST DET  ,345020,PERS W/WEAPON,ASSAULT,01/30/2016,11:05:20 AM,ARREST,1005.0,N,2.9,3.6,2.0,8.4,217.4,225.8,-82.969691,"(42.429921, -82.969691)",-9236143.753395254,5225598.669581381,42.429921,1
63585,P160282099,DPD,10.0,18400 MORANG DR DET,344010,CUTTING I/P,ASSAULT,01/28/2016,8:40:04 PM,ARREST,906.0,N,0.0,1.5,6.3,7.8,185.8,193.6,-83.20284,"(42.384724, -83.20284)",-9262097.781354213,5218784.588410972,42.384724,9
65704,P160280091,DPD,11.0,4000 W LAFAYETTE BLVD DET,343011,FA I/P OTHR,ASSAULT,01/28/2016,1:04:06 AM,ARREST,414.0,N,2.2,0.4,12.9,15.4,209.4,224.8,-82.98731,"(42.357149, -82.98731)",-9238105.091503538,5214629.680038575,42.357149,8
66240,P160271938,DPD,20.0,2800 W GRAND BLVD DET,345020,PERS W/WEAPON,ASSAULT,01/27/2016,8:09:18 PM,ARREST,303.0,N,1.5,3.0,0.1,4.5,311.4,315.9,-83.159932,"(42.431919, -83.159932)",-9257321.284643257,5225900.009442726,42.431919,5
66761,P160271448,DPD,10.0,GLENWOOD ST   HAYES ST DET  ,343010,FA I/P GUN,ASSAULT,01/27/2016,4:37:38 PM,ARREST,906.0,N,3.6,0.9,6.2,10.6,189.2,199.9,-83.234682,"(42.356516, -83.234682)",-9265642.416580053,5214534.323136581,42.356516,3
66981,P160271231,DPD,10.0,21700 SCHOOLCRAFT ST DET,343010,FA I/P GUN,ASSAULT,01/27/2016,3:10:48 PM,ARREST,602.0,N,2.0,2.3,25.6,29.9,206.1,235.9,-83.074973,"(42.374382, -83.074973)",-9247863.692024952,5217226.076808421,42.374382,14
68065,P160270200,DPD,20.0,MIDLAND ST   STRATHMOOR ST DET  ,347020,A/B I/P OR J/H,ASSAULT,01/27/2016,2:46:58 AM,ARREST,201.0,N,1.3,1.2,7.2,9.7,184.4,194.0,-83.174473,"(42.381129, -83.174473)",-9258939.981358882,5218242.802466965,42.381129,0
68588,P160262098,DPD,20.0,19700 WEXFORD ST DET,345020,PERS W/WEAPON,ASSAULT,01/26/2016,9:02:22 PM,ARREST,1102.0,N,3.1,1.0,3.6,7.8,333.2,341.0,-83.145773,"(42.430032, -83.145773)",-9255745.111973114,5225615.410432791,42.430032,5
69816,HP160260014,HPP,20.0,11800 WOODWARD AVE HPK,347020,A/B I/P OR J/H,ASSAULT,01/26/2016,12:35:55 PM,ARREST,1601.0,N,0.9,0.6,5.3,6.8,66.0,72.8,-83.159007,"(42.385866, -83.159007)",-9257218.314114273,5218956.700480508,42.385866,0
70240,HP160260005,HPP,20.0,14100 WOODWARD AVE HPK,345020,PERS W/WEAPON,ASSAULT,01/26/2016,8:44:45 AM,ARREST,1601.0,N,0.9,12.8,0.0,13.7,103.2,117.0,-82.942342,"(42.378844, -82.942342)",-9233099.276641548,5217898.456732535,42.378844,13
71747,W160250086,WSPD,20.0,ANTHONY WAYNE DR   W FOREST AVE WSU  ,347020,A/B I/P OR J/H,ASSAULT,01/25/2016,4:25:18 PM,ARREST,309.0,N,0.0,1.3,4.8,6.1,165.2,171.3,-82.952404,"(42.434455, -82.952404)",-9234219.37335791,5226282.504702937,42.434455,1
72361,P160250854,DPD,10.0,W MCNICHOLS RD   SNOWDEN ST DET  ,343010,FA I/P GUN,ASSAULT,01/25/2016,12:14:56 PM,ARREST,1207.0,N,1.2,1.3,6.6,9.1,208.2,217.3,-83.0385,"(42.42325, -83.0385)",-9243803.536237247,5224592.613917166,42.42325,11
73922,P160241565,DPD,10.0,13600 MECCA ST DET,342010,SHOTS I/P,ASSAULT,01/24/2016,6:00:59 PM,ARREST,204.0,N,1.9,0.5,3.8,6.2,241.6,247.7,-82.95158,"(42.368042, -82.95158)",-9234127.646097496,5216270.782738371,42.368042,13
73988,P160241509,DPD,11.0,5500 FRENCH RD DET,344011,CUTTING J/H,ASSAULT,01/24/2016,5:30:18 PM,ARREST,501.0,N,3.6,3.5,4.1,11.3,284.9,296.2,-82.982573,"(42.392567, -82.982573)",-9237577.771075651,5219966.678614573,42.392567,8
75336,P160240199,DPD,11.0,2700 W GRAND BLVD DET,344011,CUTTING J/H,ASSAULT,01/24/2016,2:22:09 AM,ARREST,1008.0,N,1.9,3.8,8.6,14.3,250.6,264.9,-83.184895,"(42.409793, -83.184895)",-9260100.153091928,5222563.485117147,42.409793,5
77744,P160230302,DPD,10.0,4400 RADNOR ST DET,342010,SHOTS I/P,ASSAULT,01/23/2016,3:46:48 AM,ARREST,507.0,N,2.5,0.8,7.8,11.1,379.9,391.1,-83.056857,"(42.347993, -83.056857)",-9245847.02812974,5213250.487942545,42.347993,14
80587,P160212184,DPD,10.0,11000 MACK AVE DET,343010,FA I/P GUN,ASSAULT,01/21/2016,11:15:52 PM,ARREST,501.0,N,0.0,2.4,3.7,6.1,201.1,207.2,-82.951057,"(42.397613, -82.951057)",-9234069.426003812,5220727.285479579,42.397613,13
82466,P160210399,DPD,10.0,15800 BRAMELL ST DET,343010,FA I/P GUN,ASSAULT,01/21/2016,7:57:26 AM,ARREST,809.0,N,1.7,1.5,11.6,14.9,214.7,229.5,-83.111828,"(42.376091, -83.111828)",-9251966.371858137,5217483.600811794,42.376091,0
83459,P160201656,DPD,20.0,3400 CLIPPERT ST DET,347020,A/B I/P OR J/H,ASSAULT,01/20/2016,7:16:33 PM,ARREST,405.0,N,1.6,1.3,14.9,17.9,125.6,143.5,-83.277812,"(42.424749, -83.277812)",-9270443.626217967,5224818.669265984,42.424749,10
85047,P160200140,DPD,20.0,2700 W GRAND BLVD DET,347020,A/B I/P OR J/H,ASSAULT,01/20/2016,2:04:20 AM,ARREST,1008.0,N,4.3,29.1,6.2,39.6,166.1,205.8,-83.230383,"(42.339983, -83.230383)",-9265163.854089133,5212044.085541531,42.339983,3
87706,P160182082,DPD,10.0,8600 W VERNOR HWY DET,344010,CUTTING I/P,ASSAULT,01/18/2016,10:41:06 PM,ARREST,407.0,N,0.0,0.7,10.7,11.3,191.1,202.5,-82.946712,"(42.409356, -82.946712)",-9233585.742816314,5222497.59888197,42.409356,13
88236,P160181582,DPD,20.0,12700 FLANDERS ST DET,345020,PERS W/WEAPON,ASSAULT,01/18/2016,6:17:01 PM,ARREST,909.0,N,2.9,1.2,0.8,4.9,250.4,255.3,-83.05041,"(42.438618, -83.05041)",-9245129.351372596,5226910.427761021,42.438618,11
90627,P160171405,DPD,11.0,MEYERS RD   FENKELL ST DET  ,343011,FA I/P OTHR,ASSAULT,01/17/2016,4:53:15 PM,ARREST,203.0,N,1.4,0.6,7.7,9.6,109.9,119.6,-83.161573,"(42.261586, -83.161573)",-9257503.959927648,5200244.656448762,42.261586,7
90677,P160171361,DPD,11.0,E 7 MILE RD   CONANT ST DET  ,343011,FA I/P OTHR,ASSAULT,01/17/2016,4:35:25 PM,ARREST,1107.0,N,1.3,9.1,3.8,14.2,334.8,349.0,-83.278302,"(42.400015, -83.278302)",-9270498.172768457,5221089.371510191,42.400015,10
91902,P160170200,DPD,10.0,500 W GRAND BLVD DET,342010,SHOTS I/P,ASSAULT,01/17/2016,2:23:43 AM,ARREST,410.0,N,2.0,1.4,4.5,7.9,240.7,248.6,-83.004202,"(42.4238, -83.004202)",-9239985.500342019,5224675.555545488,42.4238,1
91907,P160170193,DPD,10.0,15800 WISCONSIN ST DET,342010,SHOTS I/P,ASSAULT,01/17/2016,2:21:22 AM,ARREST,1211.0,N,1.0,3.1,12.6,16.6,245.5,262.1,-83.219851,"(42.41008, -83.219851)",-9263991.4372121,5222606.756189515,42.41008,9
94732,P160160065,DPD,10.0,W BOSTON BLVD   WOODROW WILSON ST DET  ,343010,FA I/P GUN,ASSAULT,01/16/2016,12:38:33 AM,ARREST,1005.0,N,1.3,2.8,9.4,13.5,173.0,186.5,-83.054267,"(42.355577, -83.054267)",-9245558.710648585,5214392.871302361,42.355577,14
95505,P160151617,DPD,11.0,MT ELLIOTT ST   E 7 MILE RD DET  ,343011,FA I/P OTHR,ASSAULT,01/15/2016,5:52:11 PM,ARREST,1109.0,N,0.0,0.2,8.2,8.4,128.4,136.7,-83.158544,"(42.372827, -83.158544)",-9257166.773190036,5216991.764684782,42.372827,0
96001,HP160150017,HPP,11.0,14400 WOODWARD AVE HPK,343011,FA I/P OTHR,ASSAULT,01/15/2016,2:04:23 PM,ARREST,1601.0,N,0.6,1.8,1.1,3.4,181.2,184.6,-83.187266,"(42.358334, -83.187266)",-9260364.091604598,5214808.1943567395,42.358334,3
96242,P160150928,DPD,20.0,1700 E GRAND BLVD DET,345020,PERS W/WEAPON,ASSAULT,01/15/2016,12:20:29 PM,ARREST,704.0,N,1.2,8.7,12.1,21.9,126.6,148.6,-82.954572,"(42.429021, -82.954572)",-9234460.714013949,5225462.934042978,42.429021,1
98339,P160461315,DPD,20.0,15500 GRAND RIVER AVE DET,347020,A/B I/P OR J/H,ASSAULT,02/15/2016,3:17:16 PM,ARREST,814.0,N,2.4,0.8,4.7,7.9,292.5,300.3,-83.06669,"(42.356039, -83.06669)",-9246941.632682709,5214462.467148361,42.356039,14
98460,P160461195,DPD,20.0,14800 PETOSKEY AVE DET,345020,PERS W/WEAPON,ASSAULT,02/15/2016,2:25:39 PM,ARREST,1001.0,N,2.9,2.0,18.9,23.8,424.0,447.9,-83.170767,"(42.403988, -83.170767)",-9258527.431326,5221688.306098578,42.403988,5
102103,P160442274,DPD,11.0,20200 HAWTHORNE ST DET,344011,CUTTING J/H,ASSAULT,02/13/2016,11:40:17 PM,ARREST,1101.0,N,2.7,1.1,10.5,14.3,528.0,542.3,-83.049815,"(42.329618, -83.049815)",-9245063.116275573,5210483.219871723,42.329618,4
103574,P160440871,DPD,10.0,19700 FORRER ST DET,343010,FA I/P GUN,ASSAULT,02/13/2016,11:40:59 AM,ARREST,804.0,N,0.7,2.8,3.5,7.0,177.2,184.2,-82.957028,"(42.362861, -82.957028)",-9234734.114683338,5215490.1952430755,42.362861,8
107068,P160422083,DPD,20.0,1200 HOLCOMB ST DET,347020,A/B I/P OR J/H,ASSAULT,02/11/2016,10:26:40 PM,ARREST,711.0,N,2.5,26.3,8.2,37.0,265.9,302.9,-83.162053,"(42.386266, -83.162053)",-9257557.39328323,5219016.985658548,42.386266,0
107108,P160422042,DPD,20.0,400 E CONGRESS ST DET,347020,A/B I/P OR J/H,ASSAULT,02/11/2016,9:58:40 PM,ARREST,312.0,N,1.0,1.5,5.5,8.0,229.3,237.4,-83.109098,"(42.333882, -83.109098)",-9251662.469648272,5211125.30461796,42.333882,12
107647,P160421533,DPD,10.0,600 PINGREE ST DET,342010,SHOTS I/P,ASSAULT,02/11/2016,5:38:34 PM,ARREST,303.0,N,0.8,2.3,2.3,5.4,-1.8,3.6,-82.981211,"(42.429813, -82.981211)",-9237426.153929193,5225582.381213871,42.429813,1
107897,P160421297,DPD,20.0,9900 WYOMING ST DET,347020,A/B I/P OR J/H,ASSAULT,02/11/2016,3:54:07 PM,ARREST,208.0,N,1.7,0.8,3.7,6.1,85.3,91.4,-83.070941,"(42.4258, -83.070941)",-9247414.851838073,5224977.167600513,42.4258,6
110193,P160411436,DPD,10.0,19700 SHIELDS ST DET,342010,SHOTS I/P,ASSAULT,02/10/2016,4:33:34 PM,ARREST,1103.0,N,1.1,1.7,10.6,13.4,394.4,407.8,-83.2314,"(42.339817, -83.2314)",-9265277.066011269,5212019.085569268,42.339817,3
110563,P160411083,DPD,20.0,9900 GRANDMONT AVE DET,347020,A/B I/P OR J/H,ASSAULT,02/10/2016,1:59:31 PM,ARREST,608.0,N,1.1,15.9,2.8,19.8,87.8,107.6,-83.120715,"(42.331602, -83.120715)",-9252955.668172818,5210781.970586416,42.331602,12
115112,P160391668,DPD,11.0,12400 MENDOTA ST DET,343011,FA I/P OTHR,ASSAULT,02/08/2016,4:35:14 PM,ARREST,205.0,N,1.5,6.6,3.6,11.8,357.2,369.0,-83.09098,"(42.387626, -83.09098)",-9249645.583114078,5219221.958137169,42.387626,14
116618,P160390248,DPD,20.0,800 OAKMAN BLVD DET,347020,A/B I/P OR J/H,ASSAULT,02/08/2016,2:54:40 AM,ARREST,1003.0,N,1.3,20.6,22.6,44.5,132.7,177.2,-82.913608,"(42.418447, -82.913608)",-9229900.622393094,5223868.338215929,42.418447,13
117938,P160381199,DPD,20.0,5900 CHALMERS ST DET,347020,A/B I/P OR J/H,ASSAULT,02/07/2016,2:32:19 PM,ARREST,503.0,N,1.8,32.0,7.1,40.8,270.6,311.4,-82.986813,"(42.395872, -82.986813)",-9238049.765716614,5220464.849605425,42.395872,8
119163,P160380046,DPD,20.0,14100 TELEGRAPH RD DET,347020,A/B I/P OR J/H,ASSAULT,02/07/2016,12:26:38 AM,ARREST,601.0,N,2.7,29.4,8.3,40.5,99.2,139.6,-83.182445,"(42.420083, -83.182445)",-9259827.420339486,5224115.035097643,42.420083,5
119309,P160372386,DPD,10.0,KILBOURNE ST   COPLIN ST DET  ,342010,SHOTS I/P,ASSAULT,02/06/2016,10:51:32 PM,ARREST,909.0,N,1.2,3.7,0.8,5.6,213.9,219.6,-83.238612,"(42.357505, -83.238612)",-9266079.902178872,5214683.309302773,42.357505,3
122370,P160362022,DPD,20.0,LYNDON ST   ST MARYS ST DET  ,345020,PERS W/WEAPON,ASSAULT,02/05/2016,7:28:15 PM,ARREST,814.0,N,1.6,6.5,5.3,13.4,189.5,202.9,-83.073649,"(42.43291, -83.073649)",-9247716.30501914,5226049.476371279,42.43291,6
124550,P160352401,DPD,11.0,15100 WINTHROP ST DET,341011,SHOOTG JH,ASSAULT,02/04/2016,11:31:31 PM,ARREST,814.0,N,2.2,0.5,4.1,6.8,426.3,433.2,-83.236746,"(42.371876, -83.236746)",-9265872.18000905,5216848.467974756,42.371876,3
126985,P160350065,DPD,35.0,16600 E STATE FAIR ST DET,342035,SHOTS J/H-REPT,ASSAULT,02/04/2016,12:46:16 AM,ARREST,903.0,N,2.2,1.3,8.3,11.8,245.1,256.9,-83.130371,"(42.344597, -83.130371)",-9254030.569175916,5212738.990702689,42.344597,12
127048,P160350006,DPD,11.0,12700 CHATHAM ST DET,343011,FA I/P OTHR,ASSAULT,02/04/2016,12:05:54 AM,ARREST,603.0,N,1.4,0.4,12.3,14.1,123.0,137.1,-83.225282,"(42.369659, -83.225282)",-9264596.013366597,5216514.418769248,42.369659,3
127846,P160341886,DPD,20.0,500 HAGUE ST DET,347020,A/B I/P OR J/H,ASSAULT,02/03/2016,5:44:43 PM,ARREST,302.0,N,3.8,69.2,9.7,82.7,136.1,218.8,-83.234354,"(42.3695, -83.234354)",-9265605.903787073,5216490.461701538,42.3695,3
129771,P160340074,DPD,11.0,3700 CALVERT ST DET,343011,FA I/P OTHR,ASSAULT,02/03/2016,12:44:38 AM,ARREST,1004.0,N,1.1,1.0,5.3,7.3,354.9,362.2,-83.15529,"(42.358917, -83.15529)",-9256804.539566994,5214896.021623899,42.358917,0
129982,P160332484,DPD,20.0,LIVERNOIS AVE   JOY RD DET  ,345020,PERS W/WEAPON,ASSAULT,02/02/2016,10:43:44 PM,ARREST,210.0,N,4.5,5.0,0.1,9.5,82.6,92.1,-82.961835,"(42.430117, -82.961835)",-9235269.22747558,5225628.230023733,42.430117,1
132834,P160322377,DPD,20.0,E 7 MILE RD   GRATIOT AVE DET  ,347020,A/B I/P OR J/H,ASSAULT,02/01/2016,9:56:25 PM,ARREST,905.0,N,0.7,2.0,9.6,12.3,236.5,248.8,-83.001041,"(42.434921, -83.001041)",-9239633.619431622,5226352.791398593,42.434921,1
133187,P160322057,DPD,20.0,8900 E JEFFERSON AVE DET,345020,PERS W/WEAPON,ASSAULT,02/01/2016,7:29:07 PM,ARREST,711.0,N,3.4,1.5,56.3,61.2,287.2,348.4,-83.13554,"(42.367344, -83.13554)",-9254605.979623826,5216165.615876294,42.367344,0
135939,P160601875,DPD,20.0,17400 FIVE POINTS ST DET,345020,PERS W/WEAPON,ASSAULT,02/29/2016,6:58:17 PM,ARREST,805.0,N,2.2,160.2,12.9,175.2,178.4,353.7,-83.072331,"(42.43554, -83.072331)",-9247569.585930275,5226446.155864758,42.43554,6
135951,P160601862,DPD,20.0,FENKELL ST   LAHSER RD DET  ,345020,PERS W/WEAPON,ASSAULT,02/29/2016,6:53:52 PM,ARREST,810.0,N,1.4,4.8,2.9,9.1,224.1,233.2,-83.117619,"(42.37015, -83.117619)",-9252611.023029322,5216588.3997825,42.37015,0
136443,P160601402,DPD,10.0,9200 MONTROSE ST DET,343010,FA I/P GUN,ASSAULT,02/29/2016,3:37:43 PM,ARREST,608.0,N,3.8,5.9,24.7,34.4,242.9,277.3,-83.130932,"(42.295696, -83.130932)",-9254093.01941025,5205376.702270036,42.295696,7
137311,P160600583,DPD,20.0,2000 PASADENA ST DET,347020,A/B I/P OR J/H,ASSAULT,02/29/2016,9:04:58 AM,ARREST,1003.0,N,1.3,1.0,21.9,24.1,201.0,225.1,-82.96473,"(42.41021, -82.96473)",-9235591.497401427,5222626.356391978,42.41021,1
138164,P160592106,DPD,20.0,8000 SENATOR ST DET,347020,A/B I/P OR J/H,ASSAULT,02/28/2016,9:37:09 PM,ARREST,408.0,N,2.1,0.6,11.4,14.1,112.2,126.4,-83.1274,"(42.36292, -83.1274)",-9253699.838968769,5215499.084026103,42.36292,0
138433,P160591847,DPD,20.0,W MCNICHOLS RD   3RD ST DET  ,347020,A/B I/P OR J/H,ASSAULT,02/28/2016,7:26:14 PM,ARREST,1209.0,N,1.1,7.0,3.5,11.6,152.0,163.5,-83.161294,"(42.431336, -83.161294)",-9257472.901789716,5225812.079952131,42.431336,5
139585,P160590744,DPD,10.0,12800 ESSEX AVE DET,343010,FA I/P GUN,ASSAULT,02/28/2016,10:08:28 AM,ARREST,512.0,N,0.9,0.8,6.6,8.3,213.8,222.1,-83.012992,"(42.419714, -83.012992)",-9240963.998666093,5224059.3920236565,42.419714,11
145435,P160562233,DPD,20.0,3200 W GRAND ST DET,347020,A/B I/P OR J/H,ASSAULT,02/25/2016,10:32:15 PM,ARREST,1003.0,N,1.3,33.3,11.4,46.0,259.2,305.2,-83.067504,"(42.361663, -83.067504)",-9247032.246748215,5215309.70955586,42.361663,14
150482,P160541895,DPD,10.0,2400 W GRAND BLVD DET,342010,SHOTS I/P,ASSAULT,02/23/2016,9:00:01 PM,ARREST,304.0,N,1.8,2.5,5.4,9.7,209.3,219.0,-83.263886,"(42.346549, -83.263886)",-9268893.390989179,5213032.992806673,42.346549,3
153386,P160531494,DPD,20.0,6200 ARTESIAN ST DET,347020,A/B I/P OR J/H,ASSAULT,02/22/2016,4:59:20 PM,ARREST,612.0,N,2.0,3.9,2.4,8.3,154.6,162.9,-82.95339,"(42.436521, -82.95339)",-9234329.134375831,5226594.123086924,42.436521,1
154961,P160530012,DPD,20.0,10100 E WARREN AVE DET,345020,PERS W/WEAPON,ASSAULT,02/22/2016,12:07:42 AM,ARREST,501.0,N,1.9,0.4,7.6,9.9,127.5,137.3,-83.21573,"(42.343369, -83.21573)",-9263532.68959054,5212554.039138708,42.343369,3
157134,P160520195,DPD,11.0,2100 WOODWARD AVE DET,343011,FA I/P OTHR,ASSAULT,02/21/2016,1:58:41 AM,ARREST,312.0,N,1.3,1.2,3.2,5.7,291.1,296.8,-82.971079,"(42.391041, -82.971079)",-9236298.264848474,5219736.669635874,42.391041,8
160488,P160502072,DPD,11.0,9900 GRATIOT AVE DET,343011,FA I/P OTHR,ASSAULT,02/19/2016,8:58:54 PM,ARREST,701.0,N,1.1,3.0,7.4,11.5,94.4,105.9,-83.117379,"(42.408235, -83.117379)",-9252584.30635153,5222328.588464586,42.408235,6
160497,P160502065,DPD,20.0,22100 MOROSS RD DET,341020,SHOOTG REPT,ASSAULT,02/19/2016,8:56:25 PM,ARREST,505.0,N,2.1,0.9,6.0,8.9,238.2,247.1,-83.024366,"(42.337476, -83.024366)",-9242230.146554375,5211666.53274746,42.337476,4
161769,P160500860,DPD,10.0,CHENE ST   CHENE CT DET  ,343010,FA I/P GUN,ASSAULT,02/19/2016,12:08:40 PM,ARREST,709.0,N,3.1,1.1,11.5,15.6,140.9,156.5,-83.13901,"(42.337006, -83.13901)",-9254992.258256879,5211595.752686489,42.337006,12
163672,P160491419,DPD,20.0,11800 WOODROW WILSON ST DET,347020,A/B I/P OR J/H,ASSAULT,02/18/2016,4:05:48 PM,ARREST,1005.0,N,3.7,4.9,8.2,16.8,154.9,171.7,-83.121874,"(42.416685, -83.121874)",-9253084.687462647,5223602.648650955,42.416685,6
164868,P160490280,DPD,10.0,18300 LAHSER RD DET,342010,SHOTS I/P,ASSAULT,02/18/2016,4:17:28 AM,ARREST,806.0,N,1.0,0.5,4.5,5.9,146.3,152.1,-83.010219,"(42.438486, -83.010219)",-9240655.309718123,5226890.516997257,42.438486,11
166943,P160480627,DPD,11.0,18600 W 7 MILE RD DET,343011,FA I/P OTHR,ASSAULT,02/17/2016,9:53:31 AM,ARREST,807.0,N,1.0,0.8,8.5,10.3,284.1,294.4,-83.156096,"(42.386139, -83.156096)",-9256894.263076574,5218997.845072903,42.386139,0
167133,P160480449,DPD,20.0,16500 STOEPEL ST DET,347020,A/B I/P OR J/H,ASSAULT,02/17/2016,7:48:04 AM,ARREST,1211.0,N,0.0,2.6,15.9,18.5,242.7,261.2,-83.079075,"(42.350106, -83.079075)",-9248320.324576184,5213568.756796189,42.350106,14
167509,P160480105,DPD,10.0,11800 DUCHESS ST DET,342010,SHOTS I/P,ASSAULT,02/17/2016,1:15:25 AM,ARREST,907.0,N,0.7,1.0,8.9,10.6,368.8,379.3,-83.098169,"(42.407126, -83.098169)",-9250445.858933391,5222161.390229702,42.407126,6
167883,P160471954,DPD,10.0,MOROSS RD   MARNE ST DET  ,342010,SHOTS I/P,ASSAULT,02/16/2016,9:14:17 PM,ARREST,907.0,N,1.3,1.7,0.2,3.1,208.4,211.5,-83.149993,"(42.358055, -83.149993)",-9256214.880224261,5214766.164100363,42.358055,0
168283,P160471590,DPD,20.0,19100 CHARLESTON ST DET,347020,A/B I/P OR J/H,ASSAULT,02/16/2016,6:02:07 PM,ARREST,1205.0,N,3.8,1.4,5.4,10.7,287.3,298.0,-82.975031,"(42.401569, -82.975031)",-9236738.19947609,5221323.63438669,42.401569,8
168721,P160471169,DPD,20.0,9900 BRACE ST DET,347020,A/B I/P OR J/H,ASSAULT,02/16/2016,3:08:09 PM,ARREST,607.0,N,0.8,10.0,0.2,11.1,94.7,105.7,-83.2171,"(42.3437, -83.2171)",-9263685.197292926,5212603.891362612,42.3437,3
170101,P160752328,DPD,10.0,22500 PEMBROKE AVE DET,343010,FA I/P GUN,ASSAULT,03/15/2016,11:36:13 PM,ARREST,801.0,N,1.3,1.4,6.3,9.0,423.0,432.0,-83.12037,"(42.331128, -83.12037)",-9252917.262948493,5210710.594810947,42.331128,12
170251,P160752190,DPD,20.0,20200 MCCORMICK ST DET,345020,PERS W/WEAPON,ASSAULT,03/15/2016,10:12:56 PM,ARREST,907.0,N,2.4,8.8,0.0,11.2,90.3,101.5,-83.2497,"(42.409636, -83.2497)",-9267314.212692788,5222539.814265863,42.409636,10
172038,P160750508,DPD,20.0,20500 NB JOHN LODGE SD DET,347020,A/B I/P OR J/H,ASSAULT,03/15/2016,8:24:55 AM,ARREST,1201.0,N,2.6,3.1,13.9,19.7,204.9,224.6,-83.20671,"(42.441102, -83.20671)",-9262528.587783584,5227285.119955128,42.441102,9
172304,P160750257,DPD,11.0,18800 CALDWELL ST DET,343011,FA I/P OTHR,ASSAULT,03/15/2016,3:31:22 AM,ARREST,1108.0,N,1.1,0.5,6.5,8.1,229.9,238.0,-83.084418,"(42.356648, -83.084418)",-9248915.104615493,5214554.207908915,42.356648,14
172364,P160750198,DPD,11.0,WAYBURN ST   WHITTIER ST DET  ,343011,FA I/P OTHR,ASSAULT,03/15/2016,2:45:40 AM,ARREST,911.0,N,2.7,13.7,5.3,21.8,284.6,306.4,-83.068729,"(42.350344, -83.068729)",-9247168.613124438,5213604.606017074,42.350344,14
172575,P160750003,DPD,20.0,MARK TWAIN ST   PLYMOUTH RD DET  ,347020,A/B I/P OR J/H,ASSAULT,03/15/2016,12:01:04 AM,ARREST,207.0,N,2.0,4.0,3.0,9.0,350.6,359.6,-82.979011,"(42.433187, -82.979011)",-9237181.251049446,5226091.2551382,42.433187,1
172966,P160742085,DPD,10.0,20500 PELKEY ST DET,340010,SHOTSPOTTER,ASSAULT,03/14/2016,8:46:54 PM,ARREST,901.0,N,0.7,3.3,5.6,9.6,191.2,200.8,-83.22963,"(42.408425, -83.22963)",-9265080.030512566,5222357.234085465,42.408425,9
173006,P160742046,DPD,20.0,EVERGREEN RD   FENKELL ST DET  ,347020,A/B I/P OR J/H,ASSAULT,03/14/2016,8:28:56 PM,ARREST,813.0,N,1.8,0.7,5.2,7.7,193.6,201.4,-83.086671,"(42.3693, -83.086671)",-9249165.90742825,5216460.327111282,42.3693,14
173140,P160741924,DPD,20.0,ASBURY PK   VASSAR AVE DET  ,345020,PERS W/WEAPON,ASSAULT,03/14/2016,7:20:37 PM,ARREST,804.0,N,0.9,3.4,6.9,11.2,309.7,320.8,-83.255597,"(42.415706, -83.255597)",-9267970.663729994,5223455.029808992,42.415706,10
173202,P160741865,DPD,10.0,1200 W STATE FAIR ST DET,343010,FA I/P GUN,ASSAULT,03/14/2016,6:56:36 PM,ARREST,1205.0,N,1.5,2.0,2.2,5.7,235.0,240.7,-83.136814,"(42.398356, -83.136814)",-9254747.800655097,5220839.286463925,42.398356,0
174266,P160740845,DPD,10.0,20000 ARCHDALE ST DET,343010,FA I/P GUN,ASSAULT,03/14/2016,12:12:22 PM,ARREST,804.0,N,1.8,0.8,29.1,31.7,129.7,161.5,-83.127379,"(42.33114, -83.127379)",-9253697.501259465,5210712.401785967,42.33114,12
174739,P160740394,DPD,10.0,18200 SALEM ST DET,342010,SHOTS I/P,ASSAULT,03/14/2016,7:50:23 AM,ARREST,805.0,N,1.9,0.5,11.0,13.4,334.2,347.5,-83.009011,"(42.360802, -83.009011)",-9240520.835773245,5215179.997009552,42.360802,8
175213,P160732359,DPD,10.0,SNOWDEN ST   W OUTER DR DET  ,342010,SHOTS I/P,ASSAULT,03/13/2016,11:27:15 PM,ARREST,1207.0,N,1.2,0.8,6.6,8.6,160.9,169.5,-83.200715,"(42.446004, -83.200715)",-9261861.227436278,5228024.592338499,42.446004,9
176170,P160731444,DPD,10.0,11300 TERRY ST DET,342010,SHOTS I/P,ASSAULT,03/13/2016,4:09:20 PM,ARREST,207.0,N,1.3,1.3,5.5,8.0,174.3,182.3,-82.973408,"(42.402051, -82.973408)",-9236557.527942533,5221396.296251866,42.402051,8
176257,P160731358,DPD,20.0,E LAFAYETTE ST   FIELD ST DET  ,347020,A/B I/P OR J/H,ASSAULT,03/13/2016,3:31:21 PM,ARREST,711.0,N,1.3,3.1,9.0,13.4,308.0,321.4,-83.029802,"(42.405677, -83.029802)",-9242835.279306328,5221942.936394827,42.405677,11
177358,P160730299,DPD,10.0,19700 FAIRPORT ST DET,342010,SHOTS I/P,ASSAULT,03/13/2016,3:57:04 AM,ARREST,901.0,N,2.5,1.9,21.9,26.2,288.0,314.2,-83.060776,"(42.366158, -83.060776)",-9246283.289214158,5215986.925291645,42.366158,14
177382,P160730273,DPD,10.0,6300 LONGACRE ST DET,342010,SHOTS I/P,ASSAULT,03/13/2016,3:42:27 AM,ARREST,612.0,N,0.0,1.0,3.3,4.3,194.7,199.0,-83.06639,"(42.41863, -83.06639)",-9246908.236835472,5223895.932963057,42.41863,6
177860,P160722504,DPD,10.0,E GRAND BLVD   BENSON ST DET  ,343010,FA I/P GUN,ASSAULT,03/12/2016,10:32:39 PM,ARREST,707.0,N,3.3,2.5,5.0,10.8,351.1,361.9,-83.106907,"(42.315732, -83.106907)",-9251418.568643942,5208392.52974278,42.315732,12
178463,P160721825,DPD,10.0,3300 ST   RICH ST DET,341010,SHOOTG I/P,ASSAULT,03/12/2016,6:17:14 PM,ARREST,403.0,N,1.2,1.4,4.3,6.8,327.7,334.5,-82.9393,"(42.422, -82.9393)",-9232760.642750554,5224404.11292236,42.422,13
180352,P160720047,DPD,20.0,LONGACRE ST   W WARREN AVE DET  ,347020,A/B I/P OR J/H,ASSAULT,03/12/2016,12:24:56 AM,ARREST,612.0,N,1.2,3.4,4.0,8.7,433.5,442.2,-83.280988,"(42.425689, -83.280988)",-9270797.176920727,5224960.427879265,42.425689,10
180593,P160712381,DPD,20.0,900 MICHIGAN AVE DET,345020,PERS W/WEAPON,ASSAULT,03/11/2016,10:06:56 PM,ARREST,311.0,N,1.5,94.0,9.3,104.8,269.1,373.9,-83.2223,"(42.38657, -83.2223)",-9264264.058645051,5219062.802650759,42.38657,9
180668,P160712312,DPD,20.0,AUBURN ST   W CHICAGO ST DET  ,347020,A/B I/P OR J/H,ASSAULT,03/11/2016,9:30:46 PM,ARREST,607.0,N,1.9,28.5,5.3,35.7,138.6,174.3,-82.967666,"(42.383671, -82.967666)",-9235918.331426397,5218625.892403092,42.383671,8
180761,P160712223,DPD,20.0,2900 PASADENA ST DET,345020,PERS W/WEAPON,ASSAULT,03/11/2016,8:53:05 PM,ARREST,1003.0,N,0.9,1.8,8.0,10.7,380.2,390.8,-83.115346,"(42.374014, -83.115346)",-9252357.993826747,5217170.6249265345,42.374014,0
180853,P160712134,DPD,11.0,10100 W 7 MILE RD DET,343011,FA I/P OTHR,ASSAULT,03/11/2016,8:15:47 PM,ARREST,1202.0,N,1.4,3.2,26.2,30.8,387.5,418.3,-82.937493,"(42.415983, -82.937493)",-9232559.488430692,5223496.797112727,42.415983,13
181189,P160711819,DPD,20.0,E 8 MILE RD   FLEMING ST DET  ,345020,PERS W/WEAPON,ASSAULT,03/11/2016,6:05:04 PM,ARREST,1102.0,N,1.2,31.7,3.1,36.0,212.2,248.2,-83.272463,"(42.442899, -83.272463)",-9269848.178261714,5227556.192771274,42.442899,10
184369,P160701492,DPD,10.0,700 S DEACON ST DET,343010,FA I/P GUN,ASSAULT,03/10/2016,2:54:37 PM,ARREST,411.0,N,2.0,0.8,6.3,9.2,237.2,246.4,-83.1194,"(42.316471, -83.1194)",-9252809.283042423,5208503.782702657,42.316471,12
185284,P160700639,DPD,11.0,8200 W 8 MILE RD DET,343011,FA I/P OTHR,ASSAULT,03/10/2016,8:46:49 AM,ARREST,1203.0,N,1.3,1.9,4.9,8.1,88.2,96.3,-83.109438,"(42.372428, -83.109438)",-9251700.31827514,5216931.64308799,42.372428,0
186874,P160691916,DPD,10.0,19400 ARCHER ST DET,346010,KIDNAPPING,ASSAULT,03/09/2016,5:24:16 PM,ARREST,801.0,N,0.0,8.6,18.0,26.6,356.2,382.8,-82.930162,"(42.398473, -82.930162)",-9231743.405243685,5220856.923348132,42.398473,13
187927,P160690919,DPD,20.0,12100 GRATIOT AVE DET,345020,PERS W/WEAPON,ASSAULT,03/09/2016,11:20:23 AM,ARREST,909.0,N,1.3,7.8,9.6,18.7,247.4,266.0,-83.296749,"(42.421645, -83.296749)",-9272551.68341512,5224350.579325043,42.421645,10
188477,P160690396,DPD,20.0,11600 PENROD ST DET,345020,PERS W/WEAPON,ASSAULT,03/09/2016,6:00:44 AM,ARREST,604.0,N,2.0,3.9,0.8,6.7,98.7,105.5,-83.05663,"(42.32671, -83.05663)",-9245821.75860533,5210045.350266605,42.32671,4
188519,P160690356,DPD,20.0,2700 W GRAND BLVD DET,347020,A/B I/P OR J/H,ASSAULT,03/09/2016,5:29:42 AM,ARREST,1008.0,N,2.4,37.2,13.3,52.9,24.0,76.9,-83.025417,"(42.436746, -83.025417)",-9242347.1433392,5226628.0608497625,42.436746,11
188530,P160690348,DPD,20.0,19900 BRADFORD ST DET,345020,PERS W/WEAPON,ASSAULT,03/09/2016,5:16:23 AM,ARREST,901.0,N,2.7,1.7,9.1,13.5,136.8,150.3,-83.063097,"(42.357173, -83.063097)",-9246541.66175229,5214633.295485036,42.357173,14
188931,P160682717,DPD,10.0,11200 ROSSITER ST DET,342010,SHOTS I/P,ASSAULT,03/08/2016,11:41:32 PM,ARREST,907.0,N,1.2,15.9,32.9,50.0,193.5,243.5,-83.106082,"(42.44131, -83.106082)",-9251326.730064038,5227316.4958209,42.44131,6
188968,P160682685,DPD,11.0,VAN DYKE ST   E NEVADA ST DET  ,343011,FA I/P OTHR,ASSAULT,03/08/2016,11:25:22 PM,ARREST,1105.0,N,3.3,2.4,3.0,8.6,411.9,420.4,-82.9977,"(42.355198, -82.9977)",-9239261.701012881,5214335.778988195,42.355198,8
191607,P160680173,DPD,10.0,15600 JOY RD DET,343010,FA I/P GUN,ASSAULT,03/08/2016,2:11:27 AM,ARREST,608.0,N,1.6,2.7,6.4,10.6,162.3,172.8,-83.054274,"(42.40551, -83.054274)",-9245559.489885021,5221917.759500046,42.40551,11
192545,P160671959,DPD,10.0,12200 DUCHESS ST DET,343010,FA I/P GUN,ASSAULT,03/07/2016,6:16:12 PM,ARREST,907.0,N,0.9,0.7,11.0,12.6,276.7,289.3,-83.026105,"(42.336708, -83.026105)",-9242423.731148865,5211550.875389953,42.336708,4
192767,P160671752,DPD,20.0,400 LEDYARD ST DET,347020,A/B I/P OR J/H,ASSAULT,03/07/2016,5:07:43 PM,ARREST,311.0,N,1.7,0.6,1.4,3.6,281.5,285.1,-83.062806,"(42.356154, -83.062806)",-9246509.267780468,5214479.790869211,42.356154,14
193688,P160670900,DPD,20.0,1900 E LAFAYETTE ST DET,345020,PERS W/WEAPON,ASSAULT,03/07/2016,11:10:00 AM,ARREST,709.0,N,3.2,5.2,5.7,14.1,141.3,155.4,-83.0607,"(42.34557, -83.0607)",-9246274.828932857,5212885.5387661075,42.34557,14
201543,P160641021,DPD,20.0,18500 GRAND RIVER AVE DET,345020,PERS W/WEAPON,ASSAULT,03/04/2016,11:51:45 AM,ARREST,811.0,N,1.4,11.6,36.8,49.7,124.8,174.6,-83.179809,"(42.41658, -83.179809)",-9259533.982161755,5223586.816080557,42.41658,5
201575,P160640989,DPD,10.0,INVERNESS ST   PILGRIM ST DET  ,346010,KIDNAPPING,ASSAULT,03/04/2016,11:38:18 AM,ARREST,1212.0,N,0.9,3.2,10.3,14.4,174.9,189.3,-83.079439,"(42.408896, -83.079439)",-9248360.844870832,5222428.245446091,42.408896,6
202703,P160632887,DPD,20.0,19700 SORRENTO ST DET,345020,PERS W/WEAPON,ASSAULT,03/03/2016,11:12:39 PM,ARREST,1202.0,N,4.0,25.0,10.1,39.1,381.2,420.3,-83.16096,"(42.43135, -83.16096)",-9257435.721079793,5225814.191456902,42.43135,5
203641,P160631986,DPD,20.0,SHERWOOD ST   E OUTER DR DET  ,345020,PERS W/WEAPON,ASSAULT,03/03/2016,5:51:35 PM,ARREST,1104.0,N,2.9,3.7,1.7,8.2,361.8,370.0,-83.026105,"(42.336708, -83.026105)",-9242423.731148865,5211550.875389953,42.336708,4
206400,P160621930,DPD,10.0,1400 GARLAND ST DET,344010,CUTTING I/P,ASSAULT,03/02/2016,6:28:06 PM,ARREST,508.0,N,1.1,1.0,10.3,12.4,19.6,32.0,-83.143794,"(42.302069, -83.143794)",-9255524.810700834,5206335.864926023,42.302069,7
206496,P160621839,DPD,10.0,19700 REVERE ST DET,343010,FA I/P GUN,ASSAULT,03/02/2016,5:56:22 PM,ARREST,1102.0,N,1.9,3.4,6.4,11.7,102.3,114.0,-83.121976,"(42.326554, -83.121976)",-9253096.042050708,5210021.861272496,42.326554,12
206521,P160621815,DPD,10.0,FULLERTON ST   STOEPEL ST DET  ,343010,FA I/P GUN,ASSAULT,03/02/2016,5:50:00 PM,ARREST,1002.0,N,2.0,5.8,4.0,11.7,287.5,299.2,-82.999401,"(42.42057, -82.999401)",-9239451.055466723,5224188.472393035,42.42057,1
208722,P160612090,DPD,10.0,LAWNDALE ST   LANE ST DET  ,343010,FA I/P GUN,ASSAULT,03/01/2016,9:19:38 PM,ARREST,408.0,N,3.0,5.6,6.4,15.0,132.7,147.6,-83.196549,"(42.37477, -83.196549)",-9261397.470437635,5217284.542731441,42.37477,3
208834,P160611983,DPD,20.0,900 E GRAND BLVD DET,347020,A/B I/P OR J/H,ASSAULT,03/01/2016,8:22:29 PM,ARREST,708.0,N,3.3,44.1,11.0,58.4,87.2,145.5,-83.138781,"(42.36866, -83.138781)",-9254966.766093487,5216363.897067248,42.36866,0
209951,P160610940,DPD,10.0,3900 LIVERNOIS AVE DET,343010,FA I/P GUN,ASSAULT,03/01/2016,11:43:03 AM,ARREST,406.0,N,1.1,0.4,10.9,12.5,194.5,206.9,-83.080924,"(42.367442, -83.080924)",-9248526.154314661,5216180.381353751,42.367442,14
213707,P160910041,DPD,10.0,LIVERNOIS AVE   WHITEHEAD ST DET  ,341010,SHOOTG I/P,ASSAULT,03/31/2016,12:23:26 AM,ARREST,403.0,N,1.8,1.6,5.3,8.7,268.3,277.0,-82.984101,"(42.42535, -82.984101)",-9237747.867257584,5224909.30404921,42.42535,1
214064,P160902156,DPD,10.0,8200 BRAILE ST DET,342010,SHOTS I/P,ASSAULT,03/30/2016,9:19:18 PM,ARREST,609.0,N,1.0,1.0,6.7,8.7,125.2,133.9,-83.070569,"(42.344486, -83.070569)",-9247373.440987498,5212722.272619645,42.344486,14
215168,P160901106,DPD,20.0,4100 W WARREN AVE DET,347020,A/B I/P OR J/H,ASSAULT,03/30/2016,1:44:32 PM,ARREST,1009.0,N,1.5,16.4,12.7,30.5,186.8,217.3,-83.055755,"(42.427838, -83.055755)",-9245724.354050886,5225284.520183031,42.427838,11
216443,P160892676,DPD,10.0,100 AMERICAN WAY ST DET,342010,SHOTS I/P,ASSAULT,03/29/2016,11:30:03 PM,ARREST,412.0,N,1.5,2.5,17.6,21.6,169.5,191.0,-83.177899,"(42.42561, -83.177899)",-9259321.36193434,5224948.514041658,42.42561,5
217018,P160892128,DPD,10.0,7400 PARKLAND ST DET,342010,SHOTS I/P,ASSAULT,03/29/2016,6:54:51 PM,ARREST,609.0,N,2.4,1.7,18.2,22.3,135.0,157.3,-83.083745,"(42.425535, -83.083745)",-9248840.18659819,5224937.203450228,42.425535,6
217256,P160891895,DPD,10.0,11400 EVERGREEN AVE DET,343010,FA I/P GUN,ASSAULT,03/29/2016,5:29:59 PM,ARREST,606.0,N,0.9,2.9,4.1,7.8,165.1,173.0,-83.103895,"(42.44207, -83.103895)",-9251083.274337672,5227431.139292966,42.44207,6
221024,P160880767,DPD,10.0,ST MARYS ST   CONSTANCE ST DET  ,342010,SHOTS I/P,ASSAULT,03/28/2016,11:02:30 AM,ARREST,611.0,N,1.6,1.3,4.4,7.3,249.8,257.1,-83.232931,"(42.419474, -83.232931)",-9265447.496151675,5224023.201582179,42.419474,9
222248,P160871909,DPD,20.0,MUNICH ST   SOMERSET AVE DET  ,345020,PERS W/WEAPON,ASSAULT,03/27/2016,8:42:47 PM,ARREST,506.0,N,1.2,17.8,3.2,22.2,164.6,186.8,-83.201024,"(42.415932, -83.201024)",-9261895.625158934,5223489.107089879,42.415932,9
223186,P160871015,DPD,20.0,12800 ST MARYS ST DET,347020,A/B I/P OR J/H,ASSAULT,03/27/2016,12:40:40 PM,ARREST,605.0,N,2.2,4.1,8.8,15.1,176.9,192.0,-82.992865,"(42.370259, -82.992865)",-9238723.471274896,5216604.823344533,42.370259,8
223687,P160870545,DPD,20.0,LIVERNOIS AVE   W DAVISON ST DET  ,347020,A/B I/P OR J/H,ASSAULT,03/27/2016,6:52:50 AM,ARREST,1002.0,N,1.1,23.5,19.5,44.0,249.3,293.3,-83.176542,"(42.4166, -83.176542)",-9259170.301385332,5223589.831806208,42.4166,5
224029,P160870221,DPD,10.0,16800 RIVERVIEW ST DET,341010,SHOOTG I/P,ASSAULT,03/27/2016,2:06:27 AM,ARREST,809.0,N,0.6,6.0,6.9,13.5,550.1,563.6,-83.18801,"(42.349327, -83.18801)",-9260446.91330575,5213451.419329168,42.349327,3
224205,P160870069,DPD,20.0,14400 FRANKFORT ST DET,345020,PERS W/WEAPON,ASSAULT,03/27/2016,12:33:41 AM,ARREST,503.0,N,3.0,18.4,5.2,26.6,340.1,366.7,-83.090699,"(42.378547, -83.090699)",-9249614.302337166,5217853.700242178,42.378547,14
225458,HP160860021,HPP,20.0,100 TOWN CENTER DR HPK,345020,PERS W/WEAPON,ASSAULT,03/26/2016,2:56:22 PM,ARREST,1601.0,N,2.1,0.6,2.3,5.0,124.1,129.1,-83.052149,"(42.37183, -83.052149)",-9245322.935967084,5216841.536748315,42.37183,14
226428,P160860270,DPD,10.0,17300 MANSFIELD ST DET,342010,SHOTS I/P,ASSAULT,03/26/2016,2:20:02 AM,ARREST,808.0,N,0.6,0.3,12.0,12.8,252.5,265.4,-83.145101,"(42.344755, -83.145101)",-9255670.3052753,5212762.787664598,42.344755,12
228917,P160850446,DPD,20.0,13900 WHITCOMB ST DET,347020,A/B I/P OR J/H,ASSAULT,03/25/2016,8:01:21 AM,ARREST,202.0,N,4.4,0.7,4.2,9.3,113.0,122.3,-83.024366,"(42.337476, -83.024366)",-9242230.146554375,5211666.53274746,42.337476,4
229067,P160850298,DPD,10.0,3900 BUCKINGHAM AVE DET,341010,SHOOTG I/P,ASSAULT,03/25/2016,4:34:55 AM,ARREST,506.0,N,0.5,1.2,11.1,12.7,277.5,290.3,-83.161088,"(42.354866, -83.161088)",-9257449.969974615,5214285.7670064485,42.354866,0
229325,P160850074,DPD,10.0,2200 LILLIBRIDGE ST DET,343010,FA I/P GUN,ASSAULT,03/25/2016,12:54:22 AM,ARREST,508.0,N,3.1,2.0,5.9,10.9,339.4,350.4,-82.952398,"(42.435646, -82.952398)",-9234218.705440966,5226462.144056451,42.435646,1
229724,P160842128,DPD,10.0,E 7 MILE RD   RYAN RD DET  ,343010,FA I/P GUN,ASSAULT,03/24/2016,9:03:22 PM,ARREST,1107.0,N,0.5,4.8,0.1,5.4,157.6,163.0,-83.131504,"(42.359483, -83.131504)",-9254156.694158986,5214981.28866969,42.359483,0
230213,P160841665,DPD,11.0,2500 W GRAND BLVD DET,343011,FA I/P OTHR,ASSAULT,03/24/2016,5:46:40 PM,ARREST,305.0,N,0.8,2.6,9.7,13.1,214.3,227.4,-82.938417,"(42.421884, -82.938417)",-9232662.347640185,5224386.620220601,42.421884,13
230874,P160841033,DPD,20.0,15000 APPOLINE ST DET,347020,A/B I/P OR J/H,ASSAULT,03/24/2016,1:17:28 PM,ARREST,203.0,N,1.4,5.9,1.2,8.5,98.3,106.9,-83.214799,"(42.343379, -83.214799)",-9263429.05114461,5212555.545244347,42.343379,3
232993,P160831428,DPD,11.0,8500 HUBBELL ST DET,343011,FA I/P OTHR,ASSAULT,03/23/2016,3:44:36 PM,ARREST,207.0,N,5.5,2.0,15.8,23.3,165.5,188.8,-83.156579,"(42.327797, -83.156579)",-9256948.030390626,5210209.021989994,42.327797,12
233845,P160830607,DPD,30.0,800 OAKMAN BLVD DET,344030,CUTTING REPT,ASSAULT,03/23/2016,9:10:00 AM,ARREST,1003.0,N,4.3,2.9,45.4,52.7,-35.2,17.5,-83.127284,"(42.289889, -83.127284)",-9253686.925907837,5204502.809449236,42.289889,7
236077,P160820770,DPD,11.0,4700 CONNER ST DET,343011,FA I/P OTHR,ASSAULT,03/22/2016,11:02:03 AM,ARREST,502.0,N,1.1,2.8,8.1,12.0,169.1,181.1,-83.113429,"(42.400749, -83.113429)",-9252144.594362896,5221200.020048009,42.400749,6
238769,P160810713,DPD,11.0,3600 ZENDER PL DET,343011,FA I/P OTHR,ASSAULT,03/21/2016,10:00:47 AM,ARREST,707.0,N,1.0,0.7,3.8,5.5,132.8,138.3,-83.139089,"(42.37614, -83.139089)",-9255001.052496653,5217490.984575861,42.37614,0
239463,P160810061,DPD,10.0,5900 ST LAWRENCE ST DET,344010,CUTTING I/P,ASSAULT,03/21/2016,12:49:43 AM,ARREST,401.0,N,1.7,0.4,4.5,6.6,739.5,746.1,-83.081325,"(42.415493, -83.081325)",-9248570.79343047,5223422.912838088,42.415493,6
240021,P160801699,DPD,20.0,9500 SORRENTO ST DET,345020,PERS W/WEAPON,ASSAULT,03/20/2016,7:17:05 PM,ARREST,208.0,N,2.1,1.1,4.6,7.8,117.0,124.8,-83.052821,"(42.41884, -83.052821)",-9245397.742664898,5223927.599165548,42.41884,11
240361,P160801376,DPD,20.0,9500 FIELDING ST DET,345020,PERS W/WEAPON,ASSAULT,03/20/2016,4:08:46 PM,ARREST,606.0,N,1.7,2.4,2.4,6.4,225.4,231.8,-83.100969,"(42.335075, -83.100969)",-9250757.553507613,5211304.957604303,42.335075,12
240904,P160800853,DPD,20.0,500 DICKERSON ST DET,343020,FA J/H,ASSAULT,03/20/2016,11:28:20 AM,ARREST,512.0,N,2.2,37.6,7.5,47.2,215.7,262.9,-83.13921,"(42.33612, -83.13921)",-9255014.522155039,5211462.326180301,42.33612,12
241198,P160800578,DPD,10.0,CHICAGO BLVD   ROSA PARKS BLVD DET  ,342010,SHOTS I/P,ASSAULT,03/20/2016,8:15:02 AM,ARREST,1005.0,N,2.1,0.6,4.2,6.9,386.8,393.8,-83.147478,"(42.353466, -83.147478)",-9255934.911704918,5214074.876013497,42.353466,0
241887,P160792368,DPD,20.0,4400 FREER ST DET,345020,PERS W/WEAPON,ASSAULT,03/19/2016,11:18:29 PM,ARREST,405.0,N,2.9,46.0,9.1,57.9,146.6,204.6,-83.072319,"(42.354255, -83.072319)",-9247568.250096384,5214193.727573932,42.354255,14
242073,P160792186,DPD,11.0,20400 GRANDVIEW ST DET,343011,FA I/P OTHR,ASSAULT,03/19/2016,9:54:45 PM,ARREST,801.0,N,1.2,2.4,18.1,21.8,240.2,261.9,-83.178646,"(42.417197, -83.178646)",-9259404.517593961,5223679.851659728,42.417197,5
242287,P160791981,DPD,11.0,FIELDING ST   DOVER ST DET  ,343011,FA I/P OTHR,ASSAULT,03/19/2016,8:17:53 PM,ARREST,606.0,N,1.5,8.8,7.9,18.2,467.9,486.1,-83.070319,"(42.347078, -83.070319)",-9247345.611114798,5213112.6701540025,42.347078,14
242834,P160791468,DPD,10.0,11000 NOTTINGHAM RD DET,342010,SHOTS I/P,ASSAULT,03/19/2016,4:15:27 PM,ARREST,907.0,N,1.7,3.2,4.1,9.0,151.6,160.7,-83.141013,"(42.421189, -83.141013)",-9255215.231196938,5224281.815487014,42.421189,5
245830,P160781282,DPD,20.0,4200 ST ANTOINE ST WSU,347020,A/B I/P OR J/H,ASSAULT,03/18/2016,2:31:35 PM,ARREST,309.0,N,2.8,42.1,17.7,62.5,145.6,208.1,-83.222085,"(42.401008, -83.222085)",-9264240.124954533,5221239.063914586,42.401008,9
246110,P160781013,DPD,11.0,4700 CONNER ST DET,343011,FA I/P OTHR,ASSAULT,03/18/2016,12:42:28 PM,ARREST,502.0,N,1.1,3.3,1.0,5.3,119.1,124.5,-83.199519,"(42.42116, -83.199519)",-9261728.089325288,5224277.442365109,42.42116,9
247483,P160772249,DPD,11.0,WALTHAM ST   E 8 MILE RD DET  ,343011,FA I/P OTHR,ASSAULT,03/17/2016,9:44:13 PM,ARREST,901.0,N,0.6,1.4,4.4,6.3,318.1,324.4,-83.092513,"(42.370691, -83.092513)",-9249816.235893464,5216669.915173465,42.370691,14
247878,P160771871,DPD,10.0,22400 S KANE ST DET,343010,FA I/P GUN,ASSAULT,03/17/2016,7:02:32 PM,ARREST,601.0,N,1.1,6.0,31.2,38.3,240.0,278.3,-82.985611,"(42.42306, -82.985611)",-9237915.959688682,5224563.961523746,42.42306,1
247879,P160771873,DPD,11.0,8000 GRANDVILLE AVE DET,343011,FA I/P OTHR,ASSAULT,03/17/2016,7:02:25 PM,ARREST,610.0,N,1.5,7.4,5.6,14.4,207.5,222.0,-83.042118,"(42.329814, -83.042118)",-9244206.290154938,5210512.733131722,42.329814,4
247962,P160771793,DPD,20.0,17400 FLEMING ST DET,347020,A/B I/P OR J/H,ASSAULT,03/17/2016,6:22:08 PM,ARREST,1107.0,N,1.4,0.7,3.7,5.8,87.1,92.9,-83.041759,"(42.418099, -83.041759)",-9244166.326457743,5223815.863181277,42.418099,11
248581,P160771207,DPD,11.0,00 PETERBORO ST DET,343011,FA I/P OTHR,ASSAULT,03/17/2016,2:24:58 PM,ARREST,311.0,N,1.0,1.5,3.5,5.9,174.6,180.6,-82.969354,"(42.447762, -82.969354)",-9236106.238726854,5228289.802773295,42.447762,1
250166,P160762360,DPD,10.0,ST MARYS ST   KEELER ST DET  ,342010,SHOTS I/P,ASSAULT,03/16/2016,9:25:18 PM,ARREST,812.0,N,1.1,1.3,1.7,4.0,278.9,282.9,-83.153603,"(42.40824, -83.153603)",-9256616.743586026,5222329.342295603,42.40824,5
250654,P160761895,DPD,20.0,7400 PARKLAND ST DET,345020,PERS W/WEAPON,ASSAULT,03/16/2016,6:22:36 PM,ARREST,609.0,N,4.8,92.1,7.2,104.1,201.8,305.9,-82.965809,"(42.442663, -82.965809)",-9235711.611131992,5227520.5923363585,42.442663,1
251202,P160761356,DPD,20.0,19700 WALTHAM ST DET,345020,PERS W/WEAPON,ASSAULT,03/16/2016,3:20:07 PM,ARREST,901.0,N,2.7,55.1,16.5,74.3,432.6,506.8,-83.075739,"(42.37797, -83.075739)",-9247948.962754898,5217766.749685892,42.37797,14
253815,P160961207,DPD,10.0,14400 LAMPHERE ST DET,342010,SHOTS I/P,ASSAULT,04/05/2016,3:00:45 PM,ARREST,601.0,N,1.2,0.8,4.9,6.9,222.6,229.5,-83.0463,"(42.329625, -83.0463)",-9244671.828265434,5210484.273915139,42.329625,4
255881,P161480899,DPD,10.0,MICHIGAN AVE   LIVERNOIS AVE DET  ,342010,SHOTS I/P,ASSAULT,05/27/2016,10:59:58 AM,ARREST,406.0,N,1.3,0.9,0.7,2.8,110.9,113.7,-83.067968,"(42.446032, -83.067968)",-9247083.898991942,5228028.816337153,42.446032,6
257389,P161511906,DPD,10.0,5700 OGDEN ST DET,342010,SHOTS I/P,ASSAULT,05/30/2016,7:04:34 PM,ARREST,401.0,N,0.8,4.2,12.8,17.7,270.0,287.7,-83.06324,"(42.375966, -83.06324)",-9246557.580439473,5217464.764705073,42.375966,14
257956,P161382171,DPD,10.0,4300 ALLENDALE ST DET,343010,FA I/P GUN,ASSAULT,05/17/2016,9:09:19 PM,ARREST,1006.0,N,0.8,0.6,4.0,5.4,327.9,333.4,-83.068822,"(42.363653, -83.068822)",-9247178.96583708,5215609.51655197,42.363653,14
259079,P161072834,DPD,11.0,9100 RATHBONE ST DET,343011,FA I/P OTHR,ASSAULT,04/16/2016,11:53:20 PM,ARREST,408.0,N,1.4,3.0,5.3,9.7,127.9,137.6,-82.986813,"(42.395872, -82.986813)",-9238049.765716614,5220464.849605425,42.395872,8
259104,P161072813,DPD,20.0,600 E PHILADELPHIA ST DET,347020,A/B I/P OR J/H,ASSAULT,04/16/2016,11:44:15 PM,ARREST,302.0,N,2.0,30.1,11.3,43.3,177.2,220.6,-83.118515,"(42.316135, -83.118515)",-9252710.765293071,5208453.199327546,42.316135,12
259531,P161072382,DPD,10.0,8500 GREENLAWN ST DET,343010,FA I/P GUN,ASSAULT,04/16/2016,8:43:06 PM,ARREST,210.0,N,1.5,4.7,4.5,10.7,193.9,204.6,-83.1244,"(42.3027, -83.1244)",-9253365.88049639,5206430.838297669,42.3027,12
260283,P161071657,DPD,20.0,9300 CLOVERLAWN ST DET,347020,A/B I/P OR J/H,ASSAULT,04/16/2016,3:46:56 PM,ARREST,209.0,N,1.7,4.0,10.0,15.6,221.2,236.8,-83.080771,"(42.381106, -83.080771)",-9248509.12243257,5218239.336342438,42.381106,14
260635,P161010019,DPD,20.0,500 E LAFAYETTE BLVD DET,347020,A/B I/P OR J/H,ASSAULT,04/10/2016,12:07:40 AM,ARREST,312.0,N,2.4,2.2,16.8,21.4,75.0,96.4,-83.104641,"(42.35285, -83.104641)",-9251166.318677805,5213982.0854648305,42.35285,12
261950,P161070073,DPD,11.0,4300 W PHILADELPHIA ST DET,343011,FA I/P OTHR,ASSAULT,04/16/2016,12:36:09 AM,ARREST,1007.0,N,1.3,6.3,18.7,26.3,28.2,54.5,-83.067215,"(42.356932, -83.067215)",-9247000.075415377,5214596.990439485,42.356932,14
262045,P161332089,DPD,20.0,8000 SCHAEFER HWY DET,345020,PERS W/WEAPON,ASSAULT,05/12/2016,8:07:55 PM,ARREST,207.0,N,1.5,26.5,10.9,38.9,204.8,243.7,-83.213098,"(42.430171, -83.213098)",-9263239.696690772,5225636.374243479,42.430171,9
263446,P161330619,DPD,20.0,3300 S GREYFRIARS ST DET,343020,FA J/H,ASSAULT,05/12/2016,9:57:43 AM,ARREST,415.0,N,3.4,44.8,0.1,48.3,430.6,478.9,-82.972367,"(42.423852, -82.972367)",-9236441.644352617,5224683.397337088,42.423852,1
264458,P161380671,DPD,20.0,W 7 MILE RD   LIVERNOIS AVE DET  ,345020,PERS W/WEAPON,ASSAULT,05/17/2016,9:24:33 AM,ARREST,1204.0,N,2.1,4.1,0.2,6.3,180.5,186.8,-83.084471,"(42.442996, -83.084471)",-9248921.004548503,5227570.825192307,42.442996,6
265869,P161281825,DPD,10.0,20200 MONICA ST DET,343010,FA I/P GUN,ASSAULT,05/07/2016,6:01:19 PM,ARREST,1203.0,N,0.0,1.0,7.7,8.6,163.6,172.2,-83.206901,"(42.41581, -83.206901)",-9262549.849806326,5223470.711374325,42.41581,9
265956,P161281748,DPD,10.0,CHEYENNE ST   JOY RD DET  ,341010,SHOOTG I/P,ASSAULT,05/07/2016,5:27:10 PM,ARREST,208.0,N,0.7,1.5,3.9,6.2,384.1,390.3,-83.231185,"(42.433514, -83.231185)",-9265253.132320749,5226140.57543645,42.433514,9
266471,P161792092,DPD,10.0,16200 W WARREN AVE DET,343010,FA I/P GUN,ASSAULT,06/27/2016,8:56:33 PM,ARREST,611.0,N,1.6,3.0,13.8,18.4,355.3,373.7,-83.123286,"(42.410218, -83.123286)",-9253241.870583646,5222627.562559611,42.410218,6
267785,P161791715,DPD,10.0,9100 MANISTIQUE ST DET,342010,SHOTS I/P,ASSAULT,06/27/2016,5:58:37 PM,ARREST,911.0,N,2.4,4.5,2.8,9.7,213.1,222.8,-83.14534,"(42.386397, -83.14534)",-9255696.910633601,5219036.729137856,42.386397,0
267989,P161012111,DPD,10.0,20500 LINDSAY ST DET,343010,FA I/P GUN,ASSAULT,04/10/2016,11:17:48 PM,ARREST,804.0,N,2.7,4.5,5.9,13.1,278.0,291.1,-83.152444,"(42.431225, -83.152444)",-9256487.724296195,5225795.3387524355,42.431225,5
269765,P161010426,DPD,10.0,18900 HUNTINGTON RD DET,342010,SHOTS I/P,ASSAULT,04/10/2016,4:27:07 AM,ARREST,807.0,N,2.0,4.0,10.1,16.0,436.0,452.0,-83.250575,"(42.35597, -83.250575)",-9267411.61724723,5214452.072931069,42.35597,3
270094,P161010105,DPD,10.0,24500 W 8 MILE RD DET,341010,SHOOTG I/P,ASSAULT,04/10/2016,12:56:29 AM,ARREST,801.0,N,0.6,2.7,5.6,8.8,341.3,350.1,-83.241761,"(42.427509, -83.241761)",-9266430.447255379,5225234.902725711,42.427509,10
270268,P161412398,DPD,20.0,2900 GRAND RIVER AVE DET,347020,A/B I/P OR J/H,ASSAULT,05/20/2016,10:40:23 PM,ARREST,310.0,N,0.8,33.3,5.1,39.2,13.1,52.2,-83.256924,"(42.426533, -83.256924)",-9268118.384694276,5225087.710828204,42.426533,10
270646,P161411991,DPD,20.0,FENKELL ST   WARD ST DET  ,345020,PERS W/WEAPON,ASSAULT,05/20/2016,8:10:35 PM,ARREST,1210.0,N,1.6,9.0,5.9,16.6,245.5,262.1,-83.106082,"(42.44131, -83.106082)",-9251326.730064038,5227316.4958209,42.44131,6
276404,P161392199,DPD,10.0,FIELDING ST   W CHICAGO ST DET  ,342010,SHOTS I/P,ASSAULT,05/18/2016,10:00:05 PM,ARREST,606.0,N,0.8,6.0,5.8,12.5,123.3,135.8,-83.090561,"(42.322328, -83.090561)",-9249598.940247435,5209385.572604953,42.322328,12
276715,P161352454,DPD,20.0,19400 WOODINGHAM DR DET,345020,PERS W/WEAPON,ASSAULT,05/14/2016,11:31:54 PM,ARREST,1203.0,N,2.0,0.7,4.0,6.7,204.8,211.5,-82.956042,"(42.435626, -82.956042)",-9234624.353665415,5226459.127414443,42.435626,1
276833,P161352293,DPD,10.0,16500 SCHAEFER HWY DET,342010,SHOTS I/P,ASSAULT,05/14/2016,10:06:54 PM,ARREST,201.0,N,0.7,0.9,5.4,7.0,239.1,246.1,-83.141797,"(42.412885, -83.141797)",-9255302.50567772,5223029.677268661,42.412885,5
279351,P161512462,DPD,20.0,PIEDMONT ST   TIREMAN ST DET  ,345020,PERS W/WEAPON,ASSAULT,05/30/2016,10:24:15 PM,ARREST,610.0,N,1.4,4.4,5.6,11.4,250.8,262.2,-82.936032,"(42.389601, -82.936032)",-9232396.850654643,5219519.628283467,42.389601,13
279718,P161052438,DPD,10.0,8100 SUSSEX ST DET,342010,SHOTS I/P,ASSAULT,04/14/2016,10:52:09 PM,ARREST,207.0,N,0.8,7.8,21.3,29.8,94.1,124.0,-83.086589,"(42.402556, -83.086589)",-9249156.779230006,5221472.4259832585,42.402556,6
279811,P161512048,DPD,10.0,3000 LAWRENCE ST DET,342010,SHOTS I/P,ASSAULT,05/30/2016,7:55:35 PM,ARREST,1005.0,N,0.5,2.4,3.4,6.4,414.6,421.0,-83.256157,"(42.437115, -83.256157)",-9268033.002644839,5226683.719044591,42.437115,10
281390,P161252458,DPD,20.0,E 8 MILE RD   DEQUINDRE ST DET  ,345020,PERS W/WEAPON,ASSAULT,05/04/2016,11:51:54 PM,ARREST,1101.0,N,1.3,22.0,4.3,27.5,160.0,187.6,-82.988742,"(42.418336, -82.988742)",-9238264.501014356,5223851.600457728,42.418336,1
283879,P161041277,DPD,20.0,BINDER ST   E OUTER DR DET  ,345020,PERS W/WEAPON,ASSAULT,04/13/2016,3:06:21 PM,ARREST,1102.0,N,2.0,1.4,4.4,7.7,203.8,211.5,-83.08476,"(42.3817, -83.08476)",-9248953.175881345,5218328.85318298,42.3817,14
285689,P161250779,DPD,10.0,SCHAEFER HWY   BELTON ST DET  ,342010,SHOTS I/P,ASSAULT,05/04/2016,10:59:41 AM,ARREST,208.0,N,1.8,0.4,5.3,7.5,211.5,219.0,-83.199372,"(42.418024, -83.199372)",-9261711.725360142,5223804.553944715,42.418024,9
285801,P161250636,DPD,10.0,DERBY ST   W WINCHESTER AVE DET  ,342010,SHOTS I/P,ASSAULT,05/04/2016,9:49:49 AM,ARREST,1205.0,N,1.3,3.8,4.0,9.1,105.4,114.5,-83.204808,"(42.398095, -83.204808)",-9262316.858112095,5220799.942763814,42.398095,9
287974,P161510846,DPD,20.0,CHALMERS ST   KERCHEVAL ST DET  ,347020,A/B I/P OR J/H,ASSAULT,05/30/2016,10:36:51 AM,ARREST,510.0,N,1.8,34.0,8.3,44.1,150.8,194.9,-83.042422,"(42.426268, -83.042422)",-9244240.13128014,5225047.746210628,42.426268,11
288936,P161462164,DPD,10.0,16400 FAIRMOUNT DR DET,340010,SHOTSPOTTER,ASSAULT,05/25/2016,7:34:59 PM,ARREST,903.0,N,0.8,0.9,5.4,7.1,301.9,309.0,-83.060735,"(42.358217, -83.060735)",-9246278.725115035,5214790.568742638,42.358217,14
290635,P161701669,DPD,10.0,9500 WHITCOMB ST DET,343010,FA I/P GUN,ASSAULT,06/18/2016,5:25:50 PM,ARREST,207.0,N,1.9,1.2,5.3,8.4,168.3,176.7,-82.94673,"(42.37187, -82.94673)",-9233587.746567149,5216847.563901455,42.37187,13
290835,P161701454,DPD,10.0,FENMORE ST   VERNE ST DET  ,343010,FA I/P GUN,ASSAULT,06/18/2016,3:53:20 PM,ARREST,812.0,N,1.2,1.8,14.7,17.7,138.2,155.9,-83.151861,"(42.445867, -83.151861)",-9256422.825033063,5228003.924943718,42.445867,5
290865,P161701421,DPD,10.0,5900 SOMERSET AVE DET,342010,SHOTS I/P,ASSAULT,06/18/2016,3:39:11 PM,ARREST,504.0,N,2.1,4.4,10.3,16.7,285.5,302.2,-83.2466,"(42.3521, -83.2466)",-9266969.122271327,5213869.111186854,42.3521,3
292172,P161700253,DPD,10.0,HOLMUR ST   HAZELWOOD ST DET  ,342010,SHOTS I/P,ASSAULT,06/18/2016,1:40:43 AM,ARREST,1007.0,N,0.9,1.3,4.5,6.7,110.6,117.3,-83.205488,"(42.358, -83.205488)",-9262392.555365834,5214757.87858797,42.358,3
292427,P161451499,DPD,11.0,3600 RIVARD ST DET,341011,SHOOTG JH,ASSAULT,05/24/2016,4:43:57 PM,ARREST,706.0,N,2.5,2.4,9.3,14.2,206.8,221.0,-82.996511,"(42.38182, -82.996511)",-9239129.342138328,5218346.937496012,42.38182,8
292977,P161062070,DPD,10.0,15300 MARLOWE ST DET,342010,SHOTS I/P,ASSAULT,04/15/2016,8:32:59 PM,ARREST,201.0,N,2.8,2.1,5.6,10.4,222.8,233.2,-83.065407,"(42.358544, -83.065407)",-9246798.809776021,5214839.830156678,42.358544,14
293022,P161062018,DPD,11.0,8200 WARWICK ST DET,343011,FA I/P OTHR,ASSAULT,04/15/2016,8:16:06 PM,ARREST,610.0,N,0.0,1.4,8.9,10.3,141.9,152.2,-83.084109,"(42.38636, -83.084109)",-9248880.706892837,5219031.152731128,42.38636,14
293540,P161061448,DPD,11.0,22500 GRAND RIVER AVE DET,343011,FA I/P OTHR,ASSAULT,04/15/2016,4:05:02 PM,ARREST,805.0,N,1.5,0.9,10.6,13.0,219.1,232.1,-83.064755,"(42.343394, -83.064755)",-9246726.229468025,5212557.804403253,42.343394,14
293875,P161061075,DPD,20.0,8100 PRAIRIE ST DET,347020,A/B I/P OR J/H,ASSAULT,04/15/2016,1:18:02 PM,ARREST,210.0,N,1.8,1.6,19.0,22.4,165.7,188.1,-83.092273,"(42.4148, -83.092273)",-9249789.519215675,5223318.4203495225,42.4148,6
294475,P161060457,DPD,20.0,8800 MANOR ST DET,343020,FA J/H,ASSAULT,04/15/2016,7:40:02 AM,ARREST,208.0,N,4.9,0.8,4.9,10.6,378.0,388.6,-83.053797,"(42.354405, -83.053797)",-9245506.390487911,5214216.323096422,42.354405,14
294825,P161060091,DPD,35.0,18900 EDGEFIELD ST DET,342035,SHOTS J/H-REPT,ASSAULT,04/15/2016,12:59:46 AM,ARREST,505.0,N,1.4,5.1,11.0,17.4,319.0,336.4,-82.951545,"(42.405072, -82.951545)",-9234123.749915317,5221851.7270045765,42.405072,13
294878,P161060031,DPD,11.0,17200 W 7 MILE RD DET,343011,FA I/P OTHR,ASSAULT,04/15/2016,12:17:10 AM,ARREST,804.0,N,0.0,1.2,9.8,11.0,308.4,319.4,-83.07549,"(42.329531, -83.07549)",-9247921.24420169,5210470.119627624,42.329531,14
295735,HP161360012,HPP,10.0,RICHTON ST   2ND AVE HPK  ,342010,SHOTS I/P,ASSAULT,05/15/2016,4:07:34 PM,ARREST,1601.0,N,0.8,0.9,4.6,6.2,168.9,175.1,-83.187832,"(42.374989, -83.187832)",-9260427.09843639,5217317.542986641,42.374989,3
300021,P161020906,DPD,20.0,100 GRATIOT AVE DET,347020,A/B I/P OR J/H,ASSAULT,04/11/2016,10:59:17 AM,ARREST,312.0,N,0.9,1.4,12.5,14.8,386.7,401.6,-83.006069,"(42.39185, -83.006069)",-9240193.333831329,5219858.606857976,42.39185,8
302330,P161120821,DPD,20.0,19200 JOY RD DET,345020,PERS W/WEAPON,ASSAULT,04/21/2016,10:41:35 AM,ARREST,610.0,N,0.9,0.8,3.8,5.4,303.4,308.8,-83.015993,"(42.380577, -83.015993)",-9241298.068457963,5218159.615828684,42.380577,8
303615,P161311612,DPD,11.0,LAPPIN ST   HAYES ST DET  ,343011,FA I/P OTHR,ASSAULT,05/10/2016,5:31:11 PM,ARREST,902.0,N,1.3,0.9,5.3,7.5,173.4,180.8,-83.085,"(42.367199, -83.085)",-9248979.892559133,5216143.769038645,42.367199,14
303804,P161310792,DPD,10.0,MARYGROVE DR   GREENLAWN ST DET  ,343010,FA I/P GUN,ASSAULT,05/10/2016,11:42:48 AM,ARREST,1211.0,N,0.7,0.9,2.5,4.1,181.9,186.0,-82.945565,"(42.375059, -82.945565)",-9233458.059360374,5217328.091037686,42.375059,13
305642,P161361285,DPD,20.0,8800 WYOMING ST DET,345020,PERS W/WEAPON,ASSAULT,05/15/2016,2:26:01 PM,ARREST,209.0,N,2.5,47.6,6.0,56.2,107.2,163.4,-82.937381,"(42.41758, -82.937381)",-9232547.020647723,5223737.603541309,42.41758,13
306607,P161360103,DPD,20.0,20600 W 7 MILE RD DET,347020,A/B I/P OR J/H,ASSAULT,05/15/2016,12:58:32 AM,ARREST,802.0,N,2.9,10.0,14.6,27.4,110.4,137.9,-83.052139,"(42.338895, -83.052139)",-9245321.822772177,5211880.23150292,42.338895,4
306657,P161080774,DPD,20.0,1200 WHEELOCK ST DET,347020,A/B I/P OR J/H,ASSAULT,04/17/2016,9:38:04 AM,ARREST,409.0,N,1.6,0.8,7.8,10.1,120.7,130.8,-83.034059,"(42.4338, -83.034059)",-9243309.166378634,5226183.712055045,42.4338,11
306969,P161072836,DPD,10.0,2000 MARTIN LUTHER KING JR BLVD DET,343010,FA I/P GUN,ASSAULT,04/16/2016,11:54:11 PM,ARREST,308.0,N,1.2,4.8,10.1,16.1,275.9,292.0,-83.0537,"(42.3351, -83.0537)",-9245495.592497306,5211308.722372242,42.3351,4
307092,P161552928,DPD,20.0,11900 VISGER ST DET,345020,PERS W/WEAPON,ASSAULT,06/03/2016,11:47:35 PM,ARREST,415.0,N,2.4,17.0,12.0,31.4,232.6,264.1,-83.095348,"(42.447098, -83.095348)",-9250131.826649863,5228189.63140447,42.447098,6
308803,P161390981,DPD,10.0,E 7 MILE RD   HOOVER ST DET  ,343010,FA I/P GUN,ASSAULT,05/18/2016,1:32:42 PM,ARREST,904.0,N,1.3,2.8,10.4,14.5,123.2,137.7,-83.22946,"(42.347617, -83.22946)",-9265061.10619913,5213193.854378994,42.347617,3
310030,P161020085,DPD,20.0,W MCNICHOLS RD   WYOMING ST DET  ,347020,A/B I/P OR J/H,ASSAULT,04/11/2016,1:05:35 AM,ARREST,1208.0,N,1.7,1.3,8.0,10.9,223.9,234.9,-82.96106,"(42.41115, -82.96106)",-9235182.954870217,5222768.082141696,42.41115,1
310471,P161550593,DPD,10.0,19300 GOULBURN ST DET,343010,FA I/P GUN,ASSAULT,06/03/2016,8:09:48 AM,ARREST,901.0,N,0.0,2.8,10.5,13.2,166.9,180.2,-83.272463,"(42.442899, -83.272463)",-9269848.178261714,5227556.192771274,42.442899,10
310882,P161420371,DPD,10.0,1900 W MCNICHOLS RD DET,342010,SHOTS I/P,ASSAULT,05/21/2016,3:24:47 AM,ARREST,1209.0,N,1.3,5.3,15.0,21.6,245.7,267.2,-83.006957,"(42.439021, -83.006957)",-9240292.185539156,5226971.216185656,42.439021,1
311088,P161080600,DPD,20.0,MT ELLIOTT ST   E LAFAYETTE ST DET  ,347020,A/B I/P OR J/H,ASSAULT,04/17/2016,6:52:19 AM,ARREST,710.0,N,1.4,18.7,15.8,35.9,189.7,225.6,-83.159628,"(42.401013, -83.159628)",-9257287.443518054,5221239.817658766,42.401013,5
311381,P161092443,DPD,10.0,4200 PINGREE ST DET,344010,CUTTING I/P,ASSAULT,04/18/2016,11:51:25 PM,ARREST,1007.0,N,1.2,2.2,1.6,5.1,242.0,247.1,-83.103841,"(42.30713, -83.103841)",-9251077.263085172,5207097.635361625,42.30713,12
312580,P161361519,DPD,20.0,6700 HEYDEN ST DET,347020,A/B I/P OR J/H,ASSAULT,05/15/2016,4:42:03 PM,ARREST,612.0,N,1.2,0.7,3.9,5.8,127.7,133.6,-83.144894,"(42.431509, -83.144894)",-9255647.262140706,5225838.172151307,42.431509,5
314254,HP161080015,HPP,20.0,00 FORD ST HPK,345020,PERS W/WEAPON,ASSAULT,04/17/2016,6:19:19 PM,ARREST,1601.0,N,2.1,0.7,2.0,4.8,6.3,11.1,-83.170062,"(42.415516, -83.170062)",-9258448.951084992,5223426.3808625555,42.415516,5
314966,P161081082,DPD,20.0,MONROE ST   RANDOLPH ST DET  ,347020,A/B I/P OR J/H,ASSAULT,04/17/2016,12:26:45 PM,ARREST,312.0,N,1.1,1.6,4.1,6.7,133.0,139.7,-83.02279,"(42.39586, -83.02279)",-9242054.707036885,5220463.040767688,42.39586,11
315536,P161080518,DPD,10.0,100 W LAFAYETTE BLVD DET,343010,FA I/P GUN,ASSAULT,04/17/2016,4:43:03 AM,ARREST,311.0,N,0.0,7.2,10.4,17.6,185.6,203.2,-83.148043,"(42.265262, -83.148043)",-9255997.807217214,5200797.598277345,42.265262,7
316119,P161090079,DPD,10.0,CLIFF ST   E 7 MILE RD DET  ,342010,SHOTS I/P,ASSAULT,04/18/2016,12:47:55 AM,ARREST,1104.0,N,1.5,8.8,2.7,13.0,180.6,193.6,-83.245526,"(42.38964, -83.245526)",-9266849.565138215,5219525.506421163,42.38964,9
316142,P161090056,DPD,11.0,24300 W MCNICHOLS RD DET,341011,SHOOTG JH,ASSAULT,04/18/2016,12:30:01 AM,ARREST,805.0,N,1.4,0.3,4.9,6.6,383.7,390.2,-83.055799,"(42.387724, -83.055799)",-9245729.252108479,5219236.728384358,42.387724,14
318559,P161420250,DPD,10.0,11400 GRANDVILLE AVE DET,342010,SHOTS I/P,ASSAULT,05/21/2016,2:03:43 AM,ARREST,607.0,N,0.9,11.7,2.4,15.0,110.5,125.5,-83.197024,"(42.392114, -83.197024)",-9261450.347195761,5219898.398825594,42.392114,9
318668,P161422178,DPD,10.0,8100 SENATOR ST DET,342010,SHOTS I/P,ASSAULT,05/21/2016,9:04:50 PM,ARREST,408.0,N,0.7,0.4,6.2,7.3,158.2,165.5,-83.021119,"(42.362857, -83.021119)",-9241868.692167768,5215489.5926140165,42.362857,4
318713,P161420088,DPD,11.0,15700 BIRWOOD ST DET,343011,FA I/P OTHR,ASSAULT,05/21/2016,12:42:05 AM,ARREST,1210.0,N,0.0,2.2,3.7,5.8,361.7,367.6,-83.019814,"(42.385779, -83.019814)",-9241723.420232285,5218943.58850514,42.385779,8
318952,P161100116,DPD,10.0,20100 MENDOTA ST DET,343010,FA I/P GUN,ASSAULT,04/19/2016,1:20:37 AM,ARREST,1202.0,N,1.6,0.9,6.9,9.3,112.9,122.3,-83.276889,"(42.412475, -83.276889)",-9270340.878327966,5222967.85874707,42.412475,10
319248,P161292320,DPD,20.0,4900 TARNOW ST DET,347020,A/B I/P OR J/H,ASSAULT,05/08/2016,11:23:04 PM,ARREST,405.0,N,2.4,90.5,6.6,99.6,104.2,203.8,-83.14148,"(42.43161, -83.14148)",-9255267.217399139,5225853.405202622,42.43161,5
319306,P161292234,DPD,11.0,18000 LAHSER RD DET,343011,FA I/P OTHR,ASSAULT,05/08/2016,10:32:43 PM,ARREST,805.0,N,5.7,2.0,9.2,16.9,179.8,196.7,-83.233918,"(42.337324, -83.233918)",-9265557.368489088,5211643.642116676,42.337324,3
320812,P161290644,DPD,20.0,19700 LITTLEFIELD ST DET,347020,A/B I/P OR J/H,ASSAULT,05/08/2016,8:23:20 AM,ARREST,1202.0,N,0.8,19.9,12.7,33.3,193.0,226.2,-82.9452,"(42.3994, -82.9452)",-9233417.427746234,5220996.662900834,42.3994,13
323537,P161052033,DPD,20.0,CONANT ST   KLINGER ST DET  ,345020,PERS W/WEAPON,ASSAULT,04/14/2016,7:56:14 PM,ARREST,1107.0,N,1.8,6.8,3.8,12.3,217.9,230.2,-83.0498,"(42.362777, -83.0498)",-9245061.446483212,5215477.540040962,42.362777,14
325633,P161390041,DPD,20.0,6000 W OUTER DR DET,347020,A/B I/P OR J/H,ASSAULT,05/18/2016,12:33:05 AM,ARREST,1206.0,N,1.3,195.8,12.7,209.8,163.5,373.3,-82.969354,"(42.447762, -82.969354)",-9236106.238726854,5228289.802773295,42.447762,1
326491,P161522333,DPD,10.0,ALTER RD   E WARREN AVE DET  ,343010,FA I/P GUN,ASSAULT,05/31/2016,9:45:01 PM,ARREST,506.0,N,0.7,0.8,8.5,9.9,314.6,324.4,-83.159608,"(42.422962, -83.159608)",-9257285.21712824,5224549.18295477,42.422962,5
326790,P161522160,DPD,10.0,7500 SB CHRYSLER SD DET,341010,SHOOTG I/P,ASSAULT,05/31/2016,8:34:11 PM,ARREST,302.0,N,0.5,2.6,6.4,9.6,371.3,380.8,-82.987098,"(42.356849, -82.987098)",-9238081.491771491,5214584.487074289,42.356849,8
327404,P161102166,DPD,11.0,11400 PLAINVIEW AVE DET,343011,FA I/P OTHR,ASSAULT,04/19/2016,9:51:56 PM,ARREST,607.0,N,1.7,5.9,8.2,15.7,185.3,201.0,-83.035264,"(42.380918, -83.035264)",-9243443.306365041,5218211.00458954,42.380918,11
332176,P161030042,DPD,20.0,18900 RUTHERFORD ST DET,347020,A/B I/P OR J/H,ASSAULT,04/12/2016,12:20:10 AM,ARREST,808.0,N,1.2,2.1,4.3,7.6,162.4,170.0,-82.968042,"(42.441721, -82.968042)",-9235960.187554935,5227378.493631156,42.441721,1
332771,P161382032,DPD,10.0,5700 WHITTIER ST DET,342010,SHOTS I/P,ASSAULT,05/17/2016,8:00:42 PM,ARREST,504.0,N,0.6,4.2,4.8,9.6,399.8,409.3,-83.223914,"(42.328956, -83.223914)",-9264443.72830319,5210383.538010136,42.328956,3
333992,P161681548,DPD,10.0,9100 PINEHURST ST DET,343010,FA I/P GUN,ASSAULT,06/16/2016,4:50:12 PM,ARREST,208.0,N,2.0,0.6,7.6,10.2,260.9,271.2,-82.966565,"(42.408935, -82.966565)",-9235795.768667035,5222434.125391575,42.408935,1
334916,P161492859,DPD,11.0,12100 LONGVIEW ST DET,343011,FA I/P OTHR,ASSAULT,05/28/2016,11:11:03 PM,ARREST,910.0,N,1.6,1.2,27.9,30.6,513.1,543.8,-83.054267,"(42.355577, -83.054267)",-9245558.710648585,5214392.871302361,42.355577,14
335031,P161291843,DPD,11.0,2200 VIRGINIA PARK ST DET,343011,FA I/P OTHR,ASSAULT,05/08/2016,7:20:09 PM,ARREST,1007.0,N,0.0,3.7,9.0,12.7,128.4,141.1,-83.073387,"(42.370326, -83.073387)",-9247687.139312552,5216614.91857571,42.370326,14
335482,P161681982,DPD,11.0,PILGRIM ST   KENTFIELD ST DET  ,343011,FA I/P OTHR,ASSAULT,06/16/2016,7:52:55 PM,ARREST,810.0,N,2.2,2.8,4.9,9.8,240.9,250.7,-82.990374,"(42.444163, -82.990374)",-9238446.174423331,5227746.868569655,42.444163,1
336539,P161680436,DPD,20.0,15800 MANOR ST DET,347020,A/B I/P OR J/H,ASSAULT,06/16/2016,7:58:54 AM,ARREST,1210.0,N,1.4,5.9,13.7,21.0,140.6,161.6,-83.001019,"(42.434494, -83.001019)",-9239631.170402825,5226288.387045843,42.434494,1
336866,P161562703,DPD,20.0,18200 STANSBURY ST DET,345020,PERS W/WEAPON,ASSAULT,06/04/2016,11:59:00 PM,ARREST,1206.0,N,0.6,4.1,2.3,7.0,150.6,157.6,-83.086023,"(42.341083, -83.086023)",-9249093.772398215,5212209.749676083,42.341083,14
340385,P161130138,DPD,20.0,5600 MICHIGAN AVE DET,347020,A/B I/P OR J/H,ASSAULT,04/22/2016,1:31:35 AM,ARREST,406.0,N,1.5,0.7,3.5,5.7,204.9,210.6,-83.034302,"(42.34928, -83.034302)",-9243336.217014898,5213444.339964969,42.34928,4
341242,P161181767,DPD,10.0,18400 ARDMORE ST DET,342010,SHOTS I/P,ASSAULT,04/27/2016,6:03:25 PM,ARREST,1206.0,N,1.7,7.1,15.5,24.3,500.3,524.6,-83.180244,"(42.425966, -83.180244)",-9259582.40614025,5225002.201833547,42.425966,5
343831,P161561128,DPD,10.0,5900 CHOPIN ST DET,342010,SHOTS I/P,ASSAULT,06/04/2016,12:42:32 PM,ARREST,402.0,N,1.5,0.8,5.2,7.5,177.0,184.5,-83.194374,"(42.349398, -83.194374)",-9261155.350545157,5213462.1136978995,42.349398,3
344636,P161492603,DPD,20.0,5700 EMERALD SPRINGS CIR DET,345020,PERS W/WEAPON,ASSAULT,05/28/2016,9:40:00 PM,ARREST,1111.0,N,1.2,2.6,3.6,7.4,98.5,106.0,-83.05298,"(42.336924, -83.05298)",-9245415.442463934,5211583.403878987,42.336924,4
345072,P161491470,DPD,10.0,9400 VAN DYKE ST DET,343010,FA I/P GUN,ASSAULT,05/28/2016,2:16:08 PM,ARREST,1112.0,N,1.3,6.8,7.0,15.1,133.2,148.3,-83.006759,"(42.39075, -83.006759)",-9240270.144279977,5219692.808794461,42.39075,8
346358,P161472534,DPD,20.0,W WARREN AVE   FAUST AVE DET  ,345020,PERS W/WEAPON,ASSAULT,05/26/2016,10:11:32 PM,ARREST,610.0,N,0.9,20.3,8.6,29.8,214.1,243.8,-82.985779,"(42.390237, -82.985779)",-9237934.661363134,5219615.487600178,42.390237,8
346866,P161322257,DPD,20.0,1100 HOLCOMB ST DET,345020,PERS W/WEAPON,ASSAULT,05/11/2016,11:26:29 PM,ARREST,711.0,N,1.2,1.7,6.2,9.1,236.4,245.5,-83.1791,"(42.40205, -83.1791)",-9259455.056642782,5221396.145500529,42.40205,5
346936,P161322182,DPD,20.0,3900 JOHN R ST DET,347020,A/B I/P OR J/H,ASSAULT,05/11/2016,10:36:50 PM,ARREST,309.0,N,0.9,71.2,18.8,90.9,276.7,367.6,-82.99251,"(42.41258, -82.99251)",-9238683.952855663,5222983.69028118,42.41258,1
347652,P161321514,DPD,11.0,12000 ROSEMONT AVE DET,343011,FA I/P OTHR,ASSAULT,05/11/2016,5:18:10 PM,ARREST,604.0,N,1.0,0.3,5.6,6.9,165.1,172.0,-82.913608,"(42.418447, -82.913608)",-9229900.622393094,5223868.338215929,42.418447,13
347976,P161321199,DPD,10.0,11600 FIELDING ST DET,343010,FA I/P GUN,ASSAULT,05/11/2016,3:14:17 PM,ARREST,603.0,N,1.4,0.9,4.3,6.7,274.3,281.0,-83.167528,"(42.26329, -83.167528)",-9258166.867495323,5200500.96715083,42.26329,7
348414,P161320796,DPD,20.0,1400 WASHINGTON BLVD DET,347020,A/B I/P OR J/H,ASSAULT,05/11/2016,11:56:57 AM,ARREST,311.0,N,1.0,1.0,8.0,9.9,160.3,170.2,-83.148192,"(42.33248, -83.148192)",-9256014.393821342,5210914.182831991,42.33248,12
351168,P161341824,DPD,20.0,7600 VAUGHAN ST DET,347020,A/B I/P OR J/H,ASSAULT,05/13/2016,6:53:01 PM,ARREST,609.0,N,1.1,8.4,8.4,17.9,287.0,304.9,-83.0355,"(42.329432, -83.0355)",-9243469.577764869,5210455.21247534,42.329432,4
351280,P161341724,DPD,20.0,22100 MOROSS RD DET,345020,PERS W/WEAPON,ASSAULT,05/13/2016,6:18:10 PM,ARREST,505.0,N,1.0,4.6,11.7,17.3,164.3,181.6,-83.022239,"(42.437988, -83.022239)",-9241993.369997459,5226815.399493393,42.437988,11
351868,P161341233,DPD,11.0,EATON ST   GREENFIELD RD DET  ,341011,SHOOTG JH,ASSAULT,05/13/2016,2:49:19 PM,ARREST,202.0,N,1.2,0.5,2.4,4.0,64.0,68.0,-83.163357,"(42.285206, -83.163357)",-9257702.553899225,5203798.125564144,42.285206,7
352564,P161340670,DPD,20.0,5000 ROHNS ST DET,347020,A/B I/P OR J/H,ASSAULT,05/13/2016,10:23:44 AM,ARREST,705.0,N,0.8,78.9,11.6,91.3,169.8,261.1,-83.147495,"(42.372131, -83.147495)",-9255936.804136261,5216886.891169917,42.372131,0
353894,P161500032,DPD,20.0,SB SOUTHFIELD OFF RP WB JEFFRIES   WB JEFFRIES ON   ,345020,PERS W/WEAPON,ASSAULT,05/29/2016,12:08:28 AM,ARREST,604.0,N,4.1,1.0,16.8,21.9,315.2,337.1,-83.080381,"(42.431269, -83.080381)",-9248465.707831161,5225801.974900122,42.431269,6
354839,P161351358,DPD,20.0,1600 W FORT ST DET,345020,PERS W/WEAPON,ASSAULT,05/14/2016,2:50:20 PM,ARREST,310.0,N,1.0,3.8,27.4,32.2,302.3,334.6,-83.135558,"(42.331083, -83.135558)",-9254607.98337466,5210703.818657688,42.331083,12
356645,P161300767,DPD,10.0,14800 PETOSKEY AVE DET,344010,CUTTING I/P,ASSAULT,05/09/2016,11:07:45 AM,ARREST,1001.0,N,0.7,1.5,7.7,9.8,671.3,681.1,-83.051915,"(42.324882, -83.051915)",-9245296.88720624,5209770.111095834,42.324882,4
357503,P161411034,DPD,11.0,W DAVISON ST   LINWOOD ST DET  ,343011,FA I/P OTHR,ASSAULT,05/20/2016,1:28:39 PM,ARREST,1003.0,N,0.9,2.8,2.9,6.5,89.6,96.1,-83.083675,"(42.33033, -83.083675)",-9248832.394233834,5210590.431745757,42.33033,14
358353,P161532377,DPD,20.0,8100 E JEFFERSON AVE DET,347020,A/B I/P OR J/H,ASSAULT,06/01/2016,11:13:39 PM,ARREST,711.0,N,3.1,1.2,16.5,20.7,173.6,194.3,-83.0588,"(42.33631, -83.0588)",-9246063.321900353,5211490.938929614,42.33631,4
359429,P161490598,DPD,10.0,3600 FAIRVIEW ST DET,342010,SHOTS I/P,ASSAULT,05/28/2016,4:50:11 AM,ARREST,508.0,N,1.8,3.8,5.1,10.7,262.9,273.5,-83.219284,"(42.444162, -83.219284)",-9263928.31906082,5227746.717717027,42.444162,9
360201,P161530308,DPD,20.0,7000 W VERNOR HWY DET,347020,A/B I/P OR J/H,ASSAULT,06/01/2016,4:45:24 AM,ARREST,409.0,N,1.5,1.1,4.5,7.1,107.8,114.8,-83.093759,"(42.351788, -83.093759)",-9249954.939978994,5213822.1142842695,42.351788,14
361331,P161572154,DPD,20.0,5400 JOY RD DET,347020,A/B I/P OR J/H,ASSAULT,06/05/2016,8:25:20 PM,ARREST,1006.0,N,3.6,20.7,6.4,30.7,112.6,143.3,-83.15318,"(42.391763, -83.15318)",-9256569.65544142,5219845.493632588,42.391763,0
362713,P161502714,DPD,10.0,17100 LENORE ST DET,342010,SHOTS I/P,ASSAULT,05/29/2016,11:36:11 PM,ARREST,805.0,N,0.7,1.0,0.1,1.8,167.7,169.5,-83.017344,"(42.335783, -83.017344)",-9241448.461090025,5211411.576411273,42.335783,4
363815,P161452364,DPD,10.0,7000 THATCHER ST DET,343010,FA I/P GUN,ASSAULT,05/24/2016,9:36:44 PM,ARREST,1208.0,N,3.1,1.3,6.3,10.8,309.0,319.8,-83.052157,"(42.388737, -83.052157)",-9245323.82652301,5219389.40586201,42.388737,11
364065,P161452111,DPD,20.0,TIREMAN ST   HARTWELL ST DET  ,345020,PERS W/WEAPON,ASSAULT,05/24/2016,8:20:52 PM,ARREST,208.0,N,2.1,2.0,2.3,6.4,137.2,143.6,-83.225767,"(42.437149, -83.225767)",-9264650.003319632,5226688.847458439,42.437149,9
364291,P161451850,DPD,11.0,4900 GRAYTON ST DET,343011,FA I/P OTHR,ASSAULT,05/24/2016,6:44:35 PM,ARREST,507.0,N,1.2,1.2,5.4,7.8,233.7,241.5,-83.033954,"(42.333354, -83.033954)",-9243297.477832101,5211045.794576929,42.333354,4
366549,P161691924,DPD,20.0,10800 JOY RD DET,345020,PERS W/WEAPON,ASSAULT,06/17/2016,7:09:20 PM,ARREST,208.0,N,1.8,3.7,7.2,12.7,123.3,136.0,-83.275971,"(42.423684, -83.275971)",-9270238.687035415,5224658.062341513,42.423684,10
367002,P161691544,DPD,20.0,7100 E MCNICHOLS RD DET,347020,A/B I/P OR J/H,ASSAULT,06/17/2016,4:43:56 PM,ARREST,1111.0,N,0.6,2.0,5.9,8.5,125.8,134.3,-83.148435,"(42.297344, -83.148435)",-9256041.444457607,5205624.723728352,42.297344,7
367838,P161690800,DPD,10.0,9600 HEYDEN ST DET,342010,SHOTS I/P,ASSAULT,06/17/2016,11:17:10 AM,ARREST,606.0,N,0.9,2.0,4.8,7.6,594.2,601.8,-83.278019,"(42.429984, -83.278019)",-9270466.669352561,5225608.171142055,42.429984,10
368124,P161690548,DPD,11.0,16800 GREENFIELD RD DET,343011,FA I/P OTHR,ASSAULT,06/17/2016,8:45:30 AM,ARREST,201.0,N,0.8,0.5,7.4,8.7,94.0,102.7,-83.043179,"(42.333494, -83.043179)",-9244324.40013467,5211066.876719748,42.333494,4
369751,P161772221,DPD,10.0,LONGVIEW ST   ANNSBURY AVE DET  ,342010,SHOTS I/P,ASSAULT,06/25/2016,8:50:46 PM,ARREST,910.0,N,2.5,8.5,3.5,14.4,519.8,534.3,-83.031632,"(42.353071, -83.031632)",-9243038.993974479,5214015.375475893,42.353071,4
370725,P161771418,DPD,10.0,FLANDERS ST   GUNSTON ST DET  ,342010,SHOTS I/P,ASSAULT,06/25/2016,2:51:22 PM,ARREST,908.0,N,1.4,3.4,10.7,15.5,146.6,162.2,-83.069572,"(42.349334, -83.069572)",-9247262.455455175,5213452.473703016,42.349334,14
374245,P161432338,DPD,11.0,14900 SNOWDEN ST DET,343011,FA I/P OTHR,ASSAULT,05/22/2016,9:21:17 PM,ARREST,203.0,N,0.2,2.4,4.8,7.4,149.0,156.5,-82.913608,"(42.418447, -82.913608)",-9229900.622393094,5223868.338215929,42.418447,13
374480,P161432130,DPD,20.0,18800 MARX ST DET,345020,PERS W/WEAPON,ASSAULT,05/22/2016,7:37:17 PM,ARREST,1106.0,N,3.1,6.1,4.9,14.0,67.4,81.4,-83.272,"(42.442471, -83.272)",-9269796.637337478,5227491.629369591,42.442471,10
374847,P161431808,DPD,20.0,TERRELL ST   E 8 MILE RD DET  ,345020,PERS W/WEAPON,ASSAULT,05/22/2016,5:23:40 PM,ARREST,1105.0,N,1.7,1.7,11.2,14.5,266.4,281.0,-83.2083,"(42.4095, -83.2083)",-9262705.585773945,5222519.309627298,42.4095,9
375745,P161431026,DPD,10.0,4000 BAGLEY ST DET,342010,SHOTS I/P,ASSAULT,05/22/2016,11:27:41 AM,ARREST,410.0,N,1.9,1.3,2.1,5.3,399.2,404.5,-83.207218,"(42.425361, -83.207218)",-9262585.138084905,5224910.962930213,42.425361,9
375894,P161430908,DPD,11.0,W BOSTON BLVD   WILDEMERE ST DET  ,343011,FA I/P OTHR,ASSAULT,05/22/2016,10:26:58 AM,ARREST,1005.0,N,0.8,2.6,5.5,8.9,136.6,145.5,-83.074587,"(42.354463, -83.074587)",-9247820.722701503,5214225.060046243,42.354463,14
376451,P161430427,DPD,10.0,17100 INDIANA ST DET,343010,FA I/P GUN,ASSAULT,05/22/2016,2:46:51 AM,ARREST,1208.0,N,3.6,0.9,5.0,9.5,235.9,245.4,-83.063538,"(42.354489, -83.063538)",-9246590.753647728,5214228.976612573,42.354489,14
376609,P161430269,DPD,11.0,3600 FAIRVIEW ST DET,343011,FA I/P OTHR,ASSAULT,05/22/2016,1:36:25 AM,ARREST,508.0,N,1.9,3.6,5.9,11.4,256.4,267.8,-83.197393,"(42.35813, -83.197393)",-9261491.424087863,5214777.462538039,42.35813,3
376913,P161531638,DPD,20.0,12000 GRAND RIVER AVE DET,345020,PERS W/WEAPON,ASSAULT,06/01/2016,5:52:48 PM,ARREST,205.0,N,1.2,9.9,0.1,11.2,225.2,236.4,-83.240765,"(42.429505, -83.240765)",-9266319.57304255,5225535.929356965,42.429505,10
377222,P161642246,DPD,10.0,14200 CRUSE ST DET,342010,SHOTS I/P,ASSAULT,06/12/2016,10:06:07 PM,ARREST,202.0,N,1.6,0.7,5.1,7.4,164.3,171.7,-83.2452,"(42.4009, -83.2452)",-9266813.274984216,5221222.783054879,42.4009,10
378037,P161641441,DPD,20.0,CYPRESS ST   CENTRAL ST DET  ,347020,A/B I/P OR J/H,ASSAULT,06/12/2016,3:55:50 PM,ARREST,404.0,N,3.2,39.9,6.2,49.4,166.5,215.9,-83.044625,"(42.327871, -83.044625)",-9244485.368118355,5210220.164418051,42.327871,4
378586,P161640934,DPD,11.0,GRATIOT AVE   CONNER ST DET  ,343011,FA I/P OTHR,ASSAULT,06/12/2016,11:11:35 AM,ARREST,501.0,N,1.3,2.5,1.7,5.4,165.4,170.8,-83.173499,"(42.39847, -83.173499)",-9258831.55617485,5220856.4711199235,42.39847,5
379220,P161402211,DPD,11.0,12000 MANSFIELD ST DET,344011,CUTTING J/H,ASSAULT,05/19/2016,8:51:57 PM,ARREST,605.0,N,1.5,1.5,13.4,16.4,387.7,404.1,-82.9396,"(42.39, -82.9396)",-9232794.038597792,5219579.766326173,42.39,13
381074,P161400477,DPD,10.0,WABASH ST   MICHIGAN AVE DET  ,342010,SHOTS I/P,ASSAULT,05/19/2016,7:51:35 AM,ARREST,310.0,N,0.5,0.4,3.5,4.3,202.0,206.3,-83.108006,"(42.419588, -83.108006)",-9251540.908764325,5224040.392024608,42.419588,6
382026,P161640111,DPD,10.0,MACK AVE   RUSSELL ST DET  ,342010,SHOTS I/P,ASSAULT,06/12/2016,12:46:57 AM,ARREST,706.0,N,1.3,4.3,2.0,7.5,197.1,204.6,-82.981483,"(42.377849, -82.981483)",-9237456.432830688,5217748.515788429,42.377849,8
384159,W161140074,WSPD,20.0,W PALMER ST   CASS AVE WSU  ,347020,A/B I/P OR J/H,ASSAULT,04/23/2016,3:47:23 PM,ARREST,306.0,N,0.0,0.5,2.1,2.5,71.4,74.0,-83.1281,"(42.363163, -83.1281)",-9253777.762612324,5215535.693847578,42.363163,0
387982,P161371564,DPD,20.0,15000 GRATIOT AVE DET,347020,A/B I/P OR J/H,ASSAULT,05/16/2016,5:20:19 PM,ARREST,902.0,N,0.6,149.1,2.7,152.4,119.2,271.6,-83.250575,"(42.35597, -83.250575)",-9267411.61724723,5214452.072931069,42.35597,3
388762,P161370634,DPD,10.0,PLYMOUTH RD   MEYERS RD DET  ,346010,KIDNAPPING,ASSAULT,05/16/2016,9:54:10 AM,ARREST,205.0,N,2.6,0.5,4.0,7.1,246.7,253.8,-83.000179,"(42.38944, -83.000179)",-9239537.662030559,5219495.362163958,42.38944,8
389816,P161581029,DPD,20.0,8200 SCHAEFER HWY DET,345020,PERS W/WEAPON,ASSAULT,06/06/2016,1:09:37 PM,ARREST,207.0,N,3.9,116.8,31.4,152.0,118.9,270.9,-83.272463,"(42.442899, -83.272463)",-9269848.178261714,5227556.192771274,42.442899,10
390268,P161420068,DPD,10.0,7600 WESTWOOD ST DET,344010,CUTTING I/P,ASSAULT,05/21/2016,12:31:23 AM,ARREST,610.0,N,0.5,3.4,3.4,7.2,431.5,438.7,-83.115346,"(42.374014, -83.115346)",-9252357.993826747,5217170.6249265345,42.374014,0
390917,P161580054,DPD,10.0,19100 ALGONAC ST DET,342010,SHOTS I/P,ASSAULT,06/06/2016,12:27:00 AM,ARREST,901.0,N,1.4,8.1,5.3,14.7,88.3,103.0,-83.030628,"(42.338719, -83.030628)",-9242927.229205722,5211853.725968962,42.338719,4
391743,P161541985,DPD,20.0,4100 JOHN R ST DET,343020,FA J/H,ASSAULT,06/02/2016,6:19:24 PM,ARREST,309.0,N,3.5,95.7,10.2,109.4,162.0,271.4,-83.16308,"(42.38063, -83.16308)",-9257671.718400273,5218167.602919825,42.38063,0
392787,P161540610,DPD,20.0,6000 28TH ST DET,345020,PERS W/WEAPON,ASSAULT,06/02/2016,8:30:18 AM,ARREST,1009.0,N,3.7,46.1,5.8,55.6,279.3,334.9,-83.20755,"(42.406021, -83.20755)",-9262622.09615585,5221994.797994111,42.406021,9
395856,P161750193,DPD,20.0,14500 MARLOWE ST DET,347020,A/B I/P OR J/H,ASSAULT,06/23/2016,1:55:41 AM,ARREST,202.0,N,1.2,9.0,3.5,13.7,171.8,185.6,-83.063946,"(42.377859, -83.063946)",-9246636.171999974,5217750.02272077,42.377859,14
396115,P161382476,DPD,10.0,19100 REDFERN ST DET,341010,SHOOTG I/P,ASSAULT,05/17/2016,11:53:27 PM,ARREST,801.0,N,0.9,1.2,12.4,14.4,373.7,388.2,-83.173101,"(42.37068, -83.173101)",-9258787.251017513,5216668.257737083,42.37068,0
396364,P161762761,DPD,11.0,4100 HAVERHILL ST DET,343011,FA I/P OTHR,ASSAULT,06/24/2016,11:25:26 PM,ARREST,506.0,N,0.9,0.6,4.7,6.2,263.1,269.3,-83.13014,"(42.371376, -83.13014)",-9254004.854373543,5216773.1288292175,42.371376,0
396538,P161762633,DPD,20.0,2700 W GRAND BLVD DET,341020,SHOOTG REPT,ASSAULT,06/24/2016,10:34:28 PM,ARREST,1008.0,N,2.1,23.7,26.7,52.4,72.5,124.9,-83.129647,"(42.407913, -83.129647)",-9253949.973864583,5222280.041873647,42.407913,0
397338,P161761913,DPD,10.0,16800 MANSFIELD ST DET,343010,FA I/P GUN,ASSAULT,06/24/2016,6:09:09 PM,ARREST,812.0,N,0.0,0.3,4.5,4.9,202.7,207.5,-83.116828,"(42.295219, -83.116828)",-9252522.969312102,5205304.915716871,42.295219,7
397424,P161761853,DPD,20.0,1100 BURLINGAME ST DET,347020,A/B I/P OR J/H,ASSAULT,06/24/2016,5:39:50 PM,ARREST,1005.0,N,0.8,6.7,9.8,17.2,169.9,187.1,-82.959752,"(42.404668, -82.959752)",-9235037.348976258,5221790.820727981,42.404668,13
399835,P161672217,DPD,10.0,17100 STRATHMOOR ST DET,342010,SHOTS I/P,ASSAULT,06/15/2016,8:50:40 PM,ARREST,1206.0,N,1.3,10.1,1.0,12.4,355.9,368.2,-82.936032,"(42.389601, -82.936032)",-9232396.850654643,5219519.628283467,42.389601,13
400921,P161670908,DPD,20.0,7700 RUTLAND ST DET,345020,PERS W/WEAPON,ASSAULT,06/15/2016,11:47:21 AM,ARREST,611.0,N,1.3,13.9,0.1,15.3,227.0,242.3,-83.058931,"(42.398416, -83.058931)",-9246077.904753646,5220848.331015823,42.398416,11
402978,P161651534,DPD,10.0,18800 HELEN ST DET,343010,FA I/P GUN,ASSAULT,06/13/2016,5:11:11 PM,ARREST,1109.0,N,1.6,1.1,4.0,6.6,176.3,182.9,-82.979821,"(42.42696, -82.979821)",-9237271.41983699,5225152.107001379,42.42696,1
403705,P161650751,DPD,11.0,3900 JOHN R ST DET,344011,CUTTING J/H,ASSAULT,06/13/2016,11:15:19 AM,ARREST,309.0,N,2.7,2.6,3.1,8.4,152.3,160.7,-83.23013,"(42.4008, -83.23013)",-9265135.690257963,5221207.708209767,42.4008,9
